<?xml version="1.0" encoding="UTF-8"?>
<root>
  <system>
    <config>
      <path>alothemes/grid/portrait</path>
      <value><![CDATA[2]]></value>
    </config>
    <config>
      <path>alothemes/grid/notebook</path>
      <value><![CDATA[3]]></value>
    </config>
    <config>
      <path>alothemes/related/padding</path>
      <value><![CDATA[10]]></value>
    </config>
    <config>
      <path>alothemes/related/landscape</path>
      <value><![CDATA[2]]></value>
    </config>
    <config>
      <path>alothemes/related/notebook</path>
      <value><![CDATA[3]]></value>
    </config>
    <config>
      <path>alothemes/related/laptop</path>
      <value><![CDATA[3]]></value>
    </config>
    <config>
      <path>alothemes/related/desktop</path>
      <value><![CDATA[3]]></value>
    </config>
    <config>
      <path>alothemes/related/widescreen</path>
      <value><![CDATA[3]]></value>
    </config>
    <config>
      <path>alothemes/related/visible</path>
      <value><![CDATA[3]]></value>
    </config>
    <config>
      <path>alothemes/related/arrows</path>
      <value><![CDATA[true]]></value>
    </config>
    <config>
      <path>alothemes/upsell/padding</path>
      <value><![CDATA[10]]></value>
    </config>
    <config>
      <path>alothemes/upsell/landscape</path>
      <value><![CDATA[2]]></value>
    </config>
    <config>
      <path>alothemes/upsell/notebook</path>
      <value><![CDATA[3]]></value>
    </config>
    <config>
      <path>alothemes/upsell/laptop</path>
      <value><![CDATA[3]]></value>
    </config>
    <config>
      <path>alothemes/upsell/desktop</path>
      <value><![CDATA[3]]></value>
    </config>
    <config>
      <path>alothemes/upsell/widescreen</path>
      <value><![CDATA[3]]></value>
    </config>
    <config>
      <path>alothemes/upsell/visible</path>
      <value><![CDATA[3]]></value>
    </config>
    <config>
      <path>alothemes/upsell/arrows</path>
      <value><![CDATA[true]]></value>
    </config>
    <config>
      <path>alothemes/crosssell/padding</path>
      <value><![CDATA[10]]></value>
    </config>
    <config>
      <path>alothemes/crosssell/landscape</path>
      <value><![CDATA[2]]></value>
    </config>
    <config>
      <path>alothemes/crosssell/notebook</path>
      <value><![CDATA[3]]></value>
    </config>
    <config>
      <path>alothemes/crosssell/laptop</path>
      <value><![CDATA[3]]></value>
    </config>
    <config>
      <path>alothemes/crosssell/desktop</path>
      <value><![CDATA[3]]></value>
    </config>
    <config>
      <path>alothemes/crosssell/arrows</path>
      <value><![CDATA[true]]></value>
    </config>
    <config>
      <path>alothemes/labels/salePercent</path>
      <value><![CDATA[0]]></value>
    </config>
    <config>
      <path>alothemes/timer/enabled</path>
      <value><![CDATA[1]]></value>
    </config>
    <config>
      <path>alothemes/categorysearch/enabled</path>
      <value><![CDATA[1]]></value>
    </config>
    <config>
      <path>alothemes/categorysearch/depth</path>
      <value><![CDATA[]]></value>
    </config>
    <config>
      <path>alothemes/newsletter/width</path>
      <value><![CDATA[800]]></value>
    </config>
    <config>
      <path>alothemes/newsletter/height</path>
      <value><![CDATA[500]]></value>
    </config>
    <config>
      <path>alothemes/newsletter/background_image</path>
      <value><![CDATA[default/popup.jpg]]></value>
    </config>
    <config>
      <path>alothemes/font/google</path>
      <value><![CDATA[0]]></value>
    </config>
    <config>
      <path>alothemes/list/mobile</path>
      <value><![CDATA[1]]></value>
    </config>
    <config>
      <path>alothemes/list/portrait</path>
      <value><![CDATA[2]]></value>
    </config>
    <config>
      <path>alothemes/list/landscape</path>
      <value><![CDATA[2]]></value>
    </config>
    <config>
      <path>alothemes/list/tablet</path>
      <value><![CDATA[3]]></value>
    </config>
    <config>
      <path>alothemes/list/desktop</path>
      <value><![CDATA[2]]></value>
    </config>
    <config>
      <path>alothemes/list/visible</path>
      <value><![CDATA[3]]></value>
    </config>
    <config>
      <path>alothemes/list/padding</path>
      <value><![CDATA[15]]></value>
    </config>
    <config>
      <path>alodesign/general/developer</path>
      <value><![CDATA[0]]></value>
    </config>
    <config>
      <path>alodesign/base/color</path>
      <value><![CDATA[a:14:{s:18:"_1460970308665_665";a:5:{s:5:"title";s:9:"Text body";s:8:"selector";s:58:"body, h1, h2, h3, h4, h5, h6, .h1, .h2, .h3, .h4, .h5, .h6";s:5:"color";s:7:"#666666";s:10:"background";s:0:"";s:6:"border";s:0:"";}s:18:"_1460973866805_805";a:5:{s:5:"title";s:9:"Link body";s:8:"selector";s:124:"body.page-layout-1column a,body.page-layout-2columns-left a,body.page-layout-2columns-right a,.block-collapsible-nav .item a";s:5:"color";s:7:"#666666";s:10:"background";s:0:"";s:6:"border";s:0:"";}s:18:"_1460970355783_783";a:5:{s:5:"title";s:15:"Link body hover";s:8:"selector";s:25:"body a:hover,body a:focus";s:5:"color";s:7:"#0088cc";s:10:"background";s:0:"";s:6:"border";s:0:"";}s:18:"_1460973917197_197";a:5:{s:5:"title";s:15:"Background body";s:8:"selector";s:4:"body";s:5:"color";s:0:"";s:10:"background";s:7:"#ffffff";s:6:"border";s:0:"";}s:18:"_1460973918132_132";a:5:{s:5:"title";s:9:"Label New";s:8:"selector";s:9:".labelnew";s:5:"color";s:7:"#ffffff";s:10:"background";s:7:"#009966";s:6:"border";s:0:"";}s:18:"_1460973919478_478";a:5:{s:5:"title";s:10:"Label Sale";s:8:"selector";s:10:".labelsale";s:5:"color";s:7:"#ffffff";s:10:"background";s:7:"#b30000";s:6:"border";s:0:"";}s:18:"_1460973920300_300";a:5:{s:5:"title";s:6:"Button";s:8:"selector";s:87:"button.button, button, .cart .continue, .actions-toolbar .primary a.action,button:focus";s:5:"color";s:7:"#ffffff";s:10:"background";s:7:"#666666";s:6:"border";s:7:"#eaeaea";}s:18:"_1460973921109_109";a:5:{s:5:"title";s:12:"Button hover";s:8:"selector";s:98:"button.button:hover, button:hover, .cart .continue:hover, .actions-toolbar .primary a.action:hover";s:5:"color";s:7:"#ffffff";s:10:"background";s:7:"#0088cc";s:6:"border";s:7:"#0088cc";}s:17:"_1460974143044_44";a:5:{s:5:"title";s:15:"Button checkout";s:8:"selector";s:55:".cart-container .checkout-methods-items .action.primary";s:5:"color";s:7:"#ffffff";s:10:"background";s:7:"#ff3366";s:6:"border";s:7:"#ff3366";}s:18:"_1460974161636_636";a:5:{s:5:"title";s:21:"Button checkout hover";s:8:"selector";s:61:".cart-container .checkout-methods-items .action.primary:hover";s:5:"color";s:7:"#242628";s:10:"background";s:7:"#ffffff";s:6:"border";s:0:"";}s:18:"_1462359190350_350";a:5:{s:5:"title";s:14:"Slide caption1";s:8:"selector";s:60:".home-slider .slick-slide.slick-active .figcaption .caption1";s:5:"color";s:7:"#3e4041";s:10:"background";s:0:"";s:6:"border";s:0:"";}s:18:"_1462359194278_278";a:5:{s:5:"title";s:14:"Slide caption2";s:8:"selector";s:60:".home-slider .slick-slide.slick-active .figcaption .caption2";s:5:"color";s:7:"#ffffff";s:10:"background";s:0:"";s:6:"border";s:0:"";}s:18:"_1462359195592_592";a:5:{s:5:"title";s:14:"Slide caption3";s:8:"selector";s:77:".home-slider .slick-slide.slick-active .figcaption .caption3,.caption3 strong";s:5:"color";s:7:"#ffffff";s:10:"background";s:0:"";s:6:"border";s:0:"";}s:17:"_1462359677068_68";a:5:{s:5:"title";s:15:"Slide2 caption1";s:8:"selector";s:73:".home-slider .slick-slide.slick-active .figcaption .text-slide2 .caption1";s:5:"color";s:7:"#88898c";s:10:"background";s:0:"";s:6:"border";s:0:"";}}]]></value>
    </config>
    <config>
      <path>alodesign/header/color</path>
      <value><![CDATA[a:31:{s:18:"_1460974842988_988";a:5:{s:5:"title";s:4:"Link";s:8:"selector";s:14:".page-header a";s:5:"color";s:7:"#666666";s:10:"background";s:0:"";s:6:"border";s:0:"";}s:17:"_1460974844035_35";a:5:{s:5:"title";s:10:"Link hover";s:8:"selector";s:20:".page-header a:hover";s:5:"color";s:7:"#0088cc";s:10:"background";s:0:"";s:6:"border";s:0:"";}s:18:"_1461745654953_953";a:5:{s:5:"title";s:19:"Sign In or Register";s:8:"selector";s:23:".header .top-links li a";s:5:"color";s:7:"#666666";s:10:"background";s:0:"";s:6:"border";s:0:"";}s:18:"_1460974844914_914";a:5:{s:5:"title";s:17:"Language,Currency";s:8:"selector";s:177:".header .header-top .label-title, .text-setting, .text-setting:after, .header .header-top .label-title:after, .icon-search, .header .header-top-link li, .header .currency_top li";s:5:"color";s:7:"#666666";s:10:"background";s:0:"";s:6:"border";s:0:"";}s:18:"_1460974846347_347";a:5:{s:5:"title";s:24:"Language,Currency(hover)";s:8:"selector";s:219:".header .header-top .label-title:hover, .text-setting:hover, .text-setting:hover:after, .header .header-top .label-title:hover:after, .icon-search:hover, .header .header-top-link li:hover, .header .currency_top li:hover";s:5:"color";s:7:"#666666";s:10:"background";s:0:"";s:6:"border";s:0:"";}s:18:"_1470106781120_120";a:5:{s:5:"title";s:15:"Dropdown border";s:8:"selector";s:220:".page-header .switcher .options ul.dropdown, .page-footer .switcher .options ul.dropdown,.header .currency_top .dropdown-switcher, .header .top-form-language .dropdown-switcher, .header .header-setting .dropdown-switcher";s:5:"color";s:0:"";s:10:"background";s:0:"";s:6:"border";s:7:"#0088cc";}s:18:"_1460974849970_970";a:5:{s:5:"title";s:20:"Background Top Color";s:8:"selector";s:11:".header-top";s:5:"color";s:0:"";s:10:"background";s:7:"#f6f6f6";s:6:"border";s:0:"";}s:18:"_1460974850895_895";a:5:{s:5:"title";s:24:"Background Content Color";s:8:"selector";s:15:".header-content";s:5:"color";s:0:"";s:10:"background";s:7:"#ffffff";s:6:"border";s:0:"";}s:18:"_1470106712886_886";a:5:{s:5:"title";s:23:"Background Bottom Color";s:8:"selector";s:14:".header-bottom";s:5:"color";s:0:"";s:10:"background";s:7:"#ffffff";s:6:"border";s:7:"#cccccc";}s:18:"_1470105278708_708";a:5:{s:5:"title";s:18:"Form search border";s:8:"selector";s:20:".header .form-search";s:5:"color";s:0:"";s:10:"background";s:0:"";s:6:"border";s:7:"#cccccc";}s:18:"_1470105085919_919";a:5:{s:5:"title";s:18:"Form search button";s:8:"selector";s:34:".header .form-search button.button";s:5:"color";s:7:"#666666";s:10:"background";s:16:"rgba(0, 0, 0, 0)";s:6:"border";s:7:"#cccccc";}s:18:"_1470105084983_983";a:5:{s:5:"title";s:24:"Form search button hover";s:8:"selector";s:40:".header .form-search button.button:hover";s:5:"color";s:7:"#666666";s:10:"background";s:16:"rgba(0, 0, 0, 0)";s:6:"border";s:0:"";}s:18:"_1470105404290_290";a:5:{s:5:"title";s:22:"Minicart showcart icon";s:8:"selector";s:33:".minicart-wrapper .showcart:after";s:5:"color";s:0:"";s:10:"background";s:7:"#0088cc";s:6:"border";s:0:"";}s:18:"_1461746040974_974";a:5:{s:5:"title";s:12:"Minicart qty";s:8:"selector";s:47:".minicart-wrapper .action.showcart .counter.qty";s:5:"color";s:7:"#ffffff";s:10:"background";s:16:"rgba(0, 0, 0, 0)";s:6:"border";s:0:"";}s:18:"_1461747058784_784";a:5:{s:5:"title";s:21:"Minicart box dropdown";s:8:"selector";s:33:".minicart-wrapper .block-minicart";s:5:"color";s:0:"";s:10:"background";s:7:"#ffffff";s:6:"border";s:7:"#0088cc";}s:18:"_1461746040733_733";a:5:{s:5:"title";s:17:"Minicart checkout";s:8:"selector";s:73:".block-minicart .block-content .actions .primary .action.primary.checkout";s:5:"color";s:7:"#ffffff";s:10:"background";s:7:"#0088cc";s:6:"border";s:7:"#0088cc";}s:18:"_1461746040514_514";a:5:{s:5:"title";s:17:"Minicart viewcart";s:8:"selector";s:60:".block-minicart .block-content .actions .secondary .viewcart";s:5:"color";s:7:"#666666";s:10:"background";s:0:"";s:6:"border";s:7:"#eaeaea";}s:18:"_1461746040213_213";a:5:{s:5:"title";s:23:"Minicart viewcart hover";s:8:"selector";s:66:".block-minicart .block-content .actions .secondary .viewcart:hover";s:5:"color";s:7:"#ffffff";s:10:"background";s:7:"#0088cc";s:6:"border";s:7:"#0088cc";}s:18:"_1460974852706_706";a:5:{s:5:"title";s:25:"Background Drop-down-menu";s:8:"selector";s:205:".magicmenu .nav-desktop .level0 .level-top-mega,.magicmenu .nav-desktop .level0.dropdown .hasChild ul, .magicmenu .nav-desktop .level0.dropdown .hasChild ul,.magicmenu .nav-desktop .level0.dropdown .level0";s:5:"color";s:0:"";s:10:"background";s:7:"#ffffff";s:6:"border";s:7:"#f0f0f0";}s:18:"_1460974853562_562";a:5:{s:5:"title";s:9:"Item-menu";s:8:"selector";s:42:".magicmenu .nav-desktop .level0 .level-top";s:5:"color";s:7:"#333333";s:10:"background";s:0:"";s:6:"border";s:0:"";}s:18:"_1460975123617_617";a:5:{s:5:"title";s:23:"Item-menu(hover,active)";s:8:"selector";s:259:".magicmenu .nav-desktop .level0.over a.level-top, .magicmenu .nav-desktop .level0.active a.level-top, .magicmenu .nav-desktop .level0.active a span.icon-text, .magicmenu .nav-desktop .level0 a.level-top:hover, .magicmenu .nav-desktop .level0 a.icon-text:hover";s:5:"color";s:7:"#0088cc";s:10:"background";s:16:"rgba(0, 0, 0, 0)";s:6:"border";s:0:"";}s:18:"_1460975135746_746";a:5:{s:5:"title";s:25:"Drop-down-menu-link-leve2";s:8:"selector";s:71:".magicmenu .nav-desktop .level0 .level-top-mega .children.level1 &gt; a";s:5:"color";s:7:"#333333";s:10:"background";s:0:"";s:6:"border";s:0:"";}s:18:"_1460975137282_282";a:5:{s:5:"title";s:25:"Drop-down-menu-link-leve3";s:8:"selector";s:192:".magicmenu .nav-desktop .level0 .level-top-mega .children a, .magicmenu .nav-desktop p,.magicmenu .nav-desktop .level0.dropdown ul li a, .vmagicmenu .vmagicmenu-narrow .level0.dropdown ul li a";s:5:"color";s:7:"#666666";s:10:"background";s:0:"";s:6:"border";s:0:"";}s:18:"_1460975138353_353";a:5:{s:5:"title";s:25:"Drop-down-menu-link-hover";s:8:"selector";s:183:".magicmenu .nav-desktop .level0 .level-top-mega .children a:hover,.magicmenu .nav-desktop .level0.dropdown ul li a:hover, .vmagicmenu .vmagicmenu-narrow .level0.dropdown ul li a:hover";s:5:"color";s:7:"#0088cc";s:10:"background";s:0:"";s:6:"border";s:0:"";}s:18:"_1464086829976_976";a:5:{s:5:"title";s:14:"Vmenu Title Bg";s:8:"selector";s:24:".vmagicmenu .block-title";s:5:"color";s:0:"";s:10:"background";s:7:"#0088cc";s:6:"border";s:0:"";}s:18:"_1464086831116_116";a:5:{s:5:"title";s:16:"Vmenu Title text";s:8:"selector";s:29:".vmagicmenu .block-title span";s:5:"color";s:7:"#ffffff";s:10:"background";s:0:"";s:6:"border";s:0:"";}s:18:"_1464086831981_981";a:5:{s:5:"title";s:16:"Vmenu content Bg";s:8:"selector";s:37:".vmagicmenu .block-vmagicmenu-content";s:5:"color";s:0:"";s:10:"background";s:7:"#ffffff";s:6:"border";s:7:"#eaeaea";}s:18:"_1464087166851_851";a:5:{s:5:"title";s:22:"Vmenu content level Bg";s:8:"selector";s:153:".vmagicmenu .level0 .level-top-mega, .vmagicmenu .vmagicmenu-narrow .level0.dropdown .level0,.vmagicmenu .vmagicmenu-narrow .level0.dropdown .hasChild ul";s:5:"color";s:0:"";s:10:"background";s:7:"#ffffff";s:6:"border";s:7:"#eaeaea";}s:18:"_1470106076710_710";a:5:{s:5:"title";s:11:"Vmenu level";s:8:"selector";s:83:".vmagicmenu .level0 .level-top, .vmagicmenu .block-vmagicmenu-content .all-cat span";s:5:"color";s:7:"#666666";s:10:"background";s:0:"";s:6:"border";s:0:"";}s:18:"_1470106079725_725";a:5:{s:5:"title";s:17:"Vmenu level hover";s:8:"selector";s:112:".vmagicmenu .level0:hover, .vmagicmenu .level0.active, .vmagicmenu .block-vmagicmenu-content .all-cat span:hover";s:5:"color";s:7:"#ffffff";s:10:"background";s:7:"#0088cc";s:6:"border";s:0:"";}s:18:"_1470106078931_931";a:5:{s:5:"title";s:19:"Vmenu level a hover";s:8:"selector";s:36:".vmagicmenu .level0:hover .level-top";s:5:"color";s:7:"#ffffff";s:10:"background";s:0:"";s:6:"border";s:0:"";}}]]></value>
    </config>
    <config>
      <path>alodesign/left/color</path>
      <value><![CDATA[{"_1461733216439_439":{"title":"Title filter","selector":".filter-options .filter-options-title","color":"#666666","background":"","border":""}}]]></value>
    </config>
    <config>
      <path>alodesign/right/color</path>
      <value><![CDATA[{"_1461733250879_879":{"title":"Title filter","selector":".filter-options .filter-options-title","color":"#666666","background":"","border":""}}]]></value>
    </config>
    <config>
      <path>alodesign/content/color</path>
      <value><![CDATA[a:34:{s:18:"_1461730970276_276";a:5:{s:5:"title";s:21:"Icon wishlist,compare";s:8:"selector";s:316:".item .actions-no .add-to-links a, .products-list .item .product-item-inner .add-to-links .action,.products-list .item .product-item-inner .add-to-links .quickview,.product-view .product-shop .product-social-links a .icons, .product-add-form .product-social-links a .icons, .item .actions-no .add-to-links .quickview";s:5:"color";s:7:"#ffffff";s:10:"background";s:7:"#999999";s:6:"border";s:7:"#999999";}s:18:"_1461731118212_212";a:5:{s:5:"title";s:28:"Icon(hover) wishlist,compare";s:8:"selector";s:350:".item .actions-no .add-to-links a:hover,.products-list .item .product-item-inner .add-to-links .action:hover,.product-view .product-shop .product-social-links a:hover .icons, .product-add-form .product-social-links a:hover .icons,.item .actions-no .add-to-links .quickview:hover,.products-list .item .product-item-inner .add-to-links .quickview:hover";s:5:"color";s:7:"#ffffff";s:10:"background";s:7:"#0088cc";s:6:"border";s:7:"#0088cc";}s:18:"_1470035375286_286";a:5:{s:5:"title";s:11:"Button cart";s:8:"selector";s:36:".item .actions-cart .button.btn-cart";s:5:"color";s:7:"#ffffff";s:10:"background";s:7:"#444444";s:6:"border";s:0:"";}s:18:"_1470035374470_470";a:5:{s:5:"title";s:17:"Button cart hover";s:8:"selector";s:42:".item .actions-cart .button.btn-cart:hover";s:5:"color";s:7:"#ffffff";s:10:"background";s:7:"#0088cc";s:6:"border";s:0:"";}s:18:"_1496119375680_680";a:5:{s:5:"title";s:30:"Products Category Title Border";s:8:"selector";s:207:".page-products .page-title-wrapper h1 span,.the-brands .magictabs,.cms-index-index .border-bottom:before,.latest-deals .latest-deal-content,.group-title span,.alo-blog .block-recent-posts .block-title strong";s:5:"color";s:0:"";s:10:"background";s:0:"";s:6:"border";s:7:"#0088cc";}s:17:"_1496119442027_27";a:5:{s:5:"title";s:5:"Price";s:8:"selector";s:21:".special-price .price";s:5:"color";s:7:"#0088cc";s:10:"background";s:0:"";s:6:"border";s:0:"";}s:18:"_1461732155993_993";a:5:{s:5:"title";s:18:"Title product name";s:8:"selector";s:37:".product-item-name .product-item-link";s:5:"color";s:7:"#666666";s:10:"background";s:0:"";s:6:"border";s:0:"";}s:18:"_1461732172241_241";a:5:{s:5:"title";s:24:"Title product name hover";s:8:"selector";s:43:".product-item-name .product-item-link:hover";s:5:"color";s:7:"#0088cc";s:10:"background";s:0:"";s:6:"border";s:0:"";}s:17:"_1461732471049_49";a:5:{s:5:"title";s:18:"Toolbar modes mode";s:8:"selector";s:20:".toolbar .modes-mode";s:5:"color";s:7:"#999999";s:10:"background";s:0:"";s:6:"border";s:7:"#e8e8e8";}s:18:"_1461732472360_360";a:5:{s:5:"title";s:31:"Toolbar modes mode active,hover";s:8:"selector";s:55:".toolbar .modes-mode.active, .toolbar .modes-mode:hover";s:5:"color";s:7:"#ffffff";s:10:"background";s:7:"#0088cc";s:6:"border";s:7:"#0088cc";}s:18:"_1470035581454_454";a:5:{s:5:"title";s:12:"Button slick";s:8:"selector";s:94:".slick-prev, .slick-next,.content-products .products .slick-arrow, .shopbrand-box .slick-arrow";s:5:"color";s:7:"#cccccc";s:10:"background";s:7:"#eaeaea";s:6:"border";s:0:"";}s:18:"_1470035580602_602";a:5:{s:5:"title";s:18:"Button slick hover";s:8:"selector";s:118:".slick-prev:hover, .slick-next:hover,.content-products .products .slick-arrow:hover, .shopbrand-box .slick-arrow:hover";s:5:"color";s:7:"#ffffff";s:10:"background";s:7:"#0088cc";s:6:"border";s:0:"";}s:18:"_1470108418688_688";a:5:{s:5:"title";s:17:"Magic Tab Product";s:8:"selector";s:16:".magictabs .item";s:5:"color";s:0:"";s:10:"background";s:0:"";s:6:"border";s:7:"#cccccc";}s:17:"_1470108418083_83";a:5:{s:5:"title";s:22:"Magic Tab Product Item";s:8:"selector";s:23:".magictabs .item .title";s:5:"color";s:7:"#333333";s:10:"background";s:0:"";s:6:"border";s:0:"";}s:18:"_1470108685858_858";a:5:{s:5:"title";s:19:"Megashop Title Name";s:8:"selector";s:12:".megashop h3";s:5:"color";s:7:"#ffffff";s:10:"background";s:7:"#000000";s:6:"border";s:0:"";}s:18:"_1470108588779_779";a:5:{s:5:"title";s:12:"Megashop Tab";s:8:"selector";s:20:".megashop .magictabs";s:5:"color";s:0:"";s:10:"background";s:0:"";s:6:"border";s:7:"#0088cc";}s:18:"_1470108596607_607";a:5:{s:5:"title";s:30:"Megashop Tab item active hover";s:8:"selector";s:84:".megashop .magictabs .item:hover .title, .megashop .magictabs .item.activated .title";s:5:"color";s:7:"#ffffff";s:10:"background";s:7:"#0088cc";s:6:"border";s:0:"";}s:18:"_1496119560494_494";a:5:{s:5:"title";s:14:"Category Title";s:8:"selector";s:53:".box-products.new-arrivals .block-title-tabs h3.title";s:5:"color";s:0:"";s:10:"background";s:0:"";s:6:"border";s:7:"#ff3300";}s:18:"_1496119674928_928";a:5:{s:5:"title";s:25:"Category  Tab item Before";s:8:"selector";s:72:".box-products.new-arrivals .magiccategory .magictabs .item .title:before";s:5:"color";s:0:"";s:10:"background";s:7:"#ff3300";s:6:"border";s:0:"";}s:18:"_1496119713792_792";a:5:{s:5:"title";s:24:"Category  Tab item After";s:8:"selector";s:71:".box-products.new-arrivals .magiccategory .magictabs .item .title:after";s:5:"color";s:7:"#ff3300";s:10:"background";s:0:"";s:6:"border";s:0:"";}s:18:"_1470108596377_377";a:5:{s:5:"title";s:26:"Category Top-sellers Title";s:8:"selector";s:52:".box-products.top-sellers .block-title-tabs h3.title";s:5:"color";s:0:"";s:10:"background";s:0:"";s:6:"border";s:7:"#ffcc00";}s:18:"_1470108596159_159";a:5:{s:5:"title";s:36:"Category  Tab Top-sellers item After";s:8:"selector";s:70:".box-products.top-sellers .magiccategory .magictabs .item .title:after";s:5:"color";s:7:"#ffcc00";s:10:"background";s:0:"";s:6:"border";s:0:"";}s:18:"_1496120009630_630";a:5:{s:5:"title";s:37:"Category  Tab Top-sellers item Before";s:8:"selector";s:71:".box-products.top-sellers .magiccategory .magictabs .item .title:before";s:5:"color";s:0:"";s:10:"background";s:7:"#ffcc00";s:6:"border";s:0:"";}s:18:"_1470108595568_568";a:5:{s:5:"title";s:31:"Category Special-products Title";s:8:"selector";s:57:".box-products.special-products .block-title-tabs h3.title";s:5:"color";s:0:"";s:10:"background";s:0:"";s:6:"border";s:7:"#009966";}s:18:"_1470108972292_292";a:5:{s:5:"title";s:41:"Category  Tab Special-products item After";s:8:"selector";s:75:".box-products.special-products .magiccategory .magictabs .item .title:after";s:5:"color";s:7:"#009966";s:10:"background";s:0:"";s:6:"border";s:0:"";}s:18:"_1496120088245_245";a:5:{s:5:"title";s:42:"Category  Tab Special-products item Before";s:8:"selector";s:76:".box-products.special-products .magiccategory .magictabs .item .title:before";s:5:"color";s:0:"";s:10:"background";s:7:"#009966";s:6:"border";s:0:"";}s:18:"_1470108971630_630";a:5:{s:5:"title";s:29:"Category Recommendation Title";s:8:"selector";s:55:".box-products.recommendation .block-title-tabs h3.title";s:5:"color";s:0:"";s:10:"background";s:0:"";s:6:"border";s:7:"#ff66cc";}s:18:"_1470109089912_912";a:5:{s:5:"title";s:39:"Category  Tab Recommendation item After";s:8:"selector";s:80:".box-products.recommendation .magiccate#ffffffgory .magictabs .item .title:after";s:5:"color";s:7:"#ff66cc";s:10:"background";s:0:"";s:6:"border";s:0:"";}s:18:"_1470109089242_242";a:5:{s:5:"title";s:40:"Category  Tab Recommendation item Before";s:8:"selector";s:95:"..box-products.recommendation .magiccategory .magictabs .item .title:before.megashop .magictabs";s:5:"color";s:0:"";s:10:"background";s:7:"#ff66cc";s:6:"border";s:0:"";}s:18:"_1496120373594_594";a:5:{s:5:"title";s:24:"Background hot-deals-box";s:8:"selector";s:65:".hot-deals-box .magic-category .block-title-tabs .hot-deals-title";s:5:"color";s:0:"";s:10:"background";s:7:"#0088cc";s:6:"border";s:0:"";}s:18:"_1496120417507_507";a:5:{s:5:"title";s:19:"Color hot-deals-box";s:8:"selector";s:68:".hot-deals-box .magic-category .block-title-tabs .hot-deals-title h3";s:5:"color";s:4:"#fff";s:10:"background";s:0:"";s:6:"border";s:0:"";}s:18:"_1496120485681_681";a:5:{s:5:"title";s:16:"timer-box Before";s:8:"selector";s:33:".alo-count-down .timer-box:before";s:5:"color";s:0:"";s:10:"background";s:7:"#0088cc";s:6:"border";s:0:"";}s:18:"_1496120538237_237";a:5:{s:5:"title";s:15:"timer-box After";s:8:"selector";s:32:".alo-count-down .timer-box:after";s:5:"color";s:0:"";s:10:"background";s:4:"#fff";s:6:"border";s:0:"";}s:18:"_1496120486388_388";a:5:{s:5:"title";s:15:"timer-box color";s:8:"selector";s:15:".timer-box span";s:5:"color";s:4:"#fff";s:10:"background";s:0:"";s:6:"border";s:0:"";}}]]></value>
    </config>
    <config>
      <path>alodesign/footer/color</path>
      <value><![CDATA[a:20:{s:18:"_1460975745240_240";a:5:{s:5:"title";s:4:"Link";s:8:"selector";s:27:".block-content-statick li a";s:5:"color";s:7:"#999999";s:10:"background";s:0:"";s:6:"border";s:0:"";}s:18:"_1460975746527_527";a:5:{s:5:"title";s:10:"Link-hover";s:8:"selector";s:33:".block-content-statick li a:hover";s:5:"color";s:7:"#ffffff";s:10:"background";s:0:"";s:6:"border";s:0:"";}s:16:"_1470234962005_5";a:5:{s:5:"title";s:10:"Title Name";s:8:"selector";s:25:".page-footer .block-title";s:5:"color";s:7:"#ffffff";s:10:"background";s:0:"";s:6:"border";s:0:"";}s:18:"_1460975747568_568";a:5:{s:5:"title";s:14:"Background Top";s:8:"selector";s:30:".page-footer .block-footer-top";s:5:"color";s:0:"";s:10:"background";s:7:"#ffffff";s:6:"border";s:7:"#eaeaea";}s:18:"_1460975750427_427";a:5:{s:5:"title";s:17:"Background Bottom";s:8:"selector";s:33:".page-footer .block-footer-bottom";s:5:"color";s:0:"";s:10:"background";s:16:"rgba(0, 0, 0, 0)";s:6:"border";s:16:"rgba(0, 0, 0, 0)";}s:18:"_1460975759167_167";a:5:{s:5:"title";s:4:"Text";s:8:"selector";s:27:".page-footer .collapsible p";s:5:"color";s:7:"#999999";s:10:"background";s:0:"";s:6:"border";s:0:"";}s:18:"_1460975760848_848";a:5:{s:5:"title";s:6:"Social";s:8:"selector";s:20:".footer .social-link";s:5:"color";s:7:"#ffffff";s:10:"background";s:7:"#aaaaaa";s:6:"border";s:0:"";}s:18:"_1460975762839_839";a:5:{s:5:"title";s:12:"Social Hover";s:8:"selector";s:26:".footer .social-link:hover";s:5:"color";s:7:"#ffffff";s:10:"background";s:7:"#ff5555";s:6:"border";s:0:"";}s:17:"_1460975764064_64";a:5:{s:5:"title";s:14:"Subscribe Text";s:8:"selector";s:45:".footer .collapsible .form-subscribe-header p";s:5:"color";s:7:"#333333";s:10:"background";s:0:"";s:6:"border";s:0:"";}s:17:"_1460975765095_95";a:5:{s:5:"title";s:15:"Subscribe input";s:8:"selector";s:33:".block-subscribe input.input-text";s:5:"color";s:7:"#999999";s:10:"background";s:16:"rgba(0, 0, 0, 0)";s:6:"border";s:16:"rgba(0, 0, 0, 0)";}s:18:"_1460975766584_584";a:5:{s:5:"title";s:16:"Subscribe Button";s:8:"selector";s:39:".block-subscribe .actions button.button";s:5:"color";s:7:"#ffffff";s:10:"background";s:16:"rgba(0, 0, 0, 0)";s:6:"border";s:16:"rgba(0, 0, 0, 0)";}s:18:"_1460975767584_584";a:5:{s:5:"title";s:22:"Subscribe Button Hover";s:8:"selector";s:45:".block-subscribe .actions button.button:hover";s:5:"color";s:7:"#ffffff";s:10:"background";s:16:"rgba(0, 0, 0, 0)";s:6:"border";s:16:"rgba(0, 0, 0, 0)";}s:18:"_1460976334176_176";a:5:{s:5:"title";s:3:"Add";s:8:"selector";s:47:".footer .block1.block-content-statick li p span";s:5:"color";s:7:"#ff5555";s:10:"background";s:0:"";s:6:"border";s:0:"";}s:18:"_1461743869638_638";a:5:{s:5:"title";s:20:"company  link footer";s:8:"selector";s:38:".footer-links-company .footer .links a";s:5:"color";s:7:"#666666";s:10:"background";s:0:"";s:6:"border";s:0:"";}s:18:"_1461743868518_518";a:5:{s:5:"title";s:26:"company  link footer hover";s:8:"selector";s:44:".footer-links-company .footer .links a:hover";s:5:"color";s:7:"#ff3366";s:10:"background";s:0:"";s:6:"border";s:0:"";}s:17:"_1460976338029_29";a:5:{s:5:"title";s:14:"Copyright Text";s:8:"selector";s:33:".footer-copyright .copyright span";s:5:"color";s:7:"#ffffff";s:10:"background";s:0:"";s:6:"border";s:0:"";}s:17:"_1460976339045_45";a:5:{s:5:"title";s:23:"Copyright  Links active";s:8:"selector";s:36:".footer-copyright .copyright .active";s:5:"color";s:7:"#0088cc";s:10:"background";s:0:"";s:6:"border";s:0:"";}s:18:"_1460976413138_138";a:5:{s:5:"title";s:22:"Copyright  Links Hover";s:8:"selector";s:46:".block-footer-copyright .footer .links a:hover";s:5:"color";s:7:"#ff3366";s:10:"background";s:0:"";s:6:"border";s:0:"";}s:18:"_1461745578874_874";a:5:{s:5:"title";s:9:"Backtotop";s:8:"selector";s:10:"#backtotop";s:5:"color";s:7:"#ffffff";s:10:"background";s:7:"#666666";s:6:"border";s:0:"";}s:18:"_1461745619738_738";a:5:{s:5:"title";s:15:"Backtotop hover";s:8:"selector";s:16:"#backtotop:hover";s:5:"color";s:7:"#ffffff";s:10:"background";s:7:"#0088cc";s:6:"border";s:0:"";}}]]></value>
    </config>
    <config>
      <path>magicmenu/general/dropdown</path>
      <value><![CDATA[7,62,93,94]]></value>
    </config>
    <config>
      <path>magicmenu/topmenu/switcher</path>
      <value><![CDATA[991]]></value>
    </config>
    <config>
      <path>magicmenu/topmenu/notIncludeNav</path>
      <value><![CDATA[62,73,81,82,83,84,85,86,87,88,89,91,92,93,94]]></value>
    </config>
    <config>
      <path>magicmenu/vmenu/enabled</path>
      <value><![CDATA[1]]></value>
    </config>
    <config>
      <path>magicmenu/vmenu/notIncludeNav</path>
      <value><![CDATA[3,6,7,8,9,93,94]]></value>
    </config>
    <config>
      <path>magicmenu/vmenu/demo</path>
      <value><![CDATA[0]]></value>
    </config>
    <config>
      <path>magicmenu/amenu/enabled</path>
      <value><![CDATA[1]]></value>
    </config>
    <config>
      <path>shopbrand/general/title</path>
      <value><![CDATA[Brand Showcase]]></value>
    </config>
    <config>
      <path>shopbrand/general/link</path>
      <value><![CDATA[1]]></value>
    </config>
    <config>
      <path>shopbrand/general/padding</path>
      <value><![CDATA[0]]></value>
    </config>
    <config>
      <path>shopbrand/general/arrows</path>
      <value><![CDATA[true]]></value>
    </config>
    <config>
      <path>shopbrand/general/margin</path>
      <value><![CDATA[30]]></value>
    </config>
    <config>
      <path>shopbrand/product/slide</path>
      <value><![CDATA[1]]></value>
    </config>
    <config>
      <path>shopbrand/product/autoplay</path>
      <value><![CDATA[false]]></value>
    </config>
    <config>
      <path>shopbrand/product/rows</path>
      <value><![CDATA[2]]></value>
    </config>
    <config>
      <path>shopbrand/product/portrait</path>
      <value><![CDATA[1]]></value>
    </config>
    <config>
      <path>shopbrand/product/landscape</path>
      <value><![CDATA[2]]></value>
    </config>
    <config>
      <path>shopbrand/product/visible</path>
      <value><![CDATA[4]]></value>
    </config>
    <config>
      <path>shopbrand/product/margin</path>
      <value><![CDATA[15]]></value>
    </config>
    <config>
      <path>shopbrand/product/arrows</path>
      <value><![CDATA[true]]></value>
    </config>
    <config>
      <path>testimonial/general/dots</path>
      <value><![CDATA[true]]></value>
    </config>
    <config>
      <path>testimonial/general/padding</path>
      <value><![CDATA[0]]></value>
    </config>
    <config>
      <path>testimonial/general/portrait</path>
      <value><![CDATA[1]]></value>
    </config>
    <config>
      <path>testimonial/general/landscape</path>
      <value><![CDATA[1]]></value>
    </config>
    <config>
      <path>testimonial/general/tablet</path>
      <value><![CDATA[1]]></value>
    </config>
    <config>
      <path>testimonial/general/notebook</path>
      <value><![CDATA[1]]></value>
    </config>
    <config>
      <path>testimonial/general/desktop</path>
      <value><![CDATA[1]]></value>
    </config>
    <config>
      <path>testimonial/general/visible</path>
      <value><![CDATA[1]]></value>
    </config>
    <config>
      <path>testimonial/general/arrows</path>
      <value><![CDATA[false]]></value>
    </config>
    <config>
      <path>testimonial/general/margin</path>
      <value><![CDATA[30]]></value>
    </config>
    <config>
      <path>web/default/front</path>
      <value>cms</value>
    </config>
    <config>
      <path>web/default/cms_home_page</path>
      <value>demo4</value>
    </config>
    <config>
      <path>web/default/cms_no_route</path>
      <value>404-not-found</value>
    </config>
  </system>
  <theme>Alothemes/kuteshop4</theme>
</root>
