<?xml version="1.0"?>
<!--
/**
 * @copyright: Copyright © 2017 Firebear Studio. All rights reserved.
 * @author   : Firebear Studio <fbeardev@gmail.com>
 */
-->
<config xmlns:xsi="http://www.w3.org/2001/XMLSchema-instance"
        xsi:noNamespaceSchemaLocation="urn:magento:framework:Module/etc/module.xsd">
    <module name="Firebear_ImportExport" setup_version="3.3.1">
        <sequence>
            <module name="Magento_Eav"/>
            <module name="Magento_Cms"/>
            <module name="Magento_Customer"/>
            <module name="Magento_ImportExport"/>
            <module name="Magento_Store"/>
        </sequence>
    </module>
</config>
