<?xml version="1.0" encoding="UTF-8"?>
<root>
  <block>
    <item>
      <title><![CDATA[product-view-left-custom-block]]></title>
      <identifier><![CDATA[product-view-left-custom-block]]></identifier>
      <content><![CDATA[<div class="block product-view-left-custom-block">
	<div class="banner-opacity">
		<img class="img-responsive hot-cate-img" alt="icon money" src="{{media url="wysiwyg/alothemes/static/icon-money.png"}}" />
		<h2>100% Money Back</h2>
		<h2>Guaranteed</h2>
		<p>Lorem ipsum dolor sit amet conse ctetur adipisicing elit, sed do eiusmod tempor incididunt .</p>
		<a href="#">Read more <i class="fa fa-angle-double-right"><span class="hidden">more</span></i></a>
	</div>
</div>]]></content>
      <is_active><![CDATA[1]]></is_active>
    </item>
    <item>
      <title><![CDATA[block-footer-top]]></title>
      <identifier><![CDATA[block-footer-top]]></identifier>
      <content><![CDATA[<div class="container">
	<div class="row">
		<div class="col-lg-3 col-md-3  col-xs-12">
			<div class="collapsible mobile-collapsible">
				<div class="block1 block-content-statick">
					<a class="introduce-logo" href="#"> <img class="img-responsive logo1" alt="" src="{{media url="wysiwyg/alothemes/static/introduce-logo.png"}}" /> <img class="img-responsive logo2" alt="" src="{{media url="wysiwyg/alothemes/static/logo2.png"}}" /> <img class="img-responsive logo5" alt="" src="{{media url="wysiwyg/alothemes/static/logo5.png"}}" /><img class="img-responsive logo6" alt="" src="{{media url="wysiwyg/alothemes/static/logo6.png"}}" /></a>
					<ul class="address-list">
						<li class="feature-icon first">
						<p class="no-margin"><span class="tit-name">Address:</span><span class="tit-contain">Example Street 68, Mahattan, New York, USA.</span></p>
						</li>
						<li class="feature-icon">
						<p><span class="tit-name">Phone:</span><span class="tit-contain">+84 912. 345. 678</span></p>
						</li>
						<li class="feature-icon">
						<p><span class="tit-name">Email:</span><span class="tit-contain">suport@alothemes.com</span></p>
						</li>
					</ul>
				</div>
			</div>
		</div>
		<div class="col-lg-6 col-md-6 col-xs-12">
			<div class="row">
				<div class="col-lg-4 col-md-4 col-sm-4 col-xs-12">
					<div class="collapsible mobile-collapsible">
						<h3 class="block-title heading">Company</h3>
						<span class="toggle-tab mobile" style="display: none;"><span class="hidden">facebook</span></span>
						<div class="block-content block-content-statick toggle-content">
							<ul class="bullet">
							<li><a href="#">Help</a></li>
							<li><a href="#">Gift Cards</a></li>
							<li><a href="#">Order Status</a></li>
							<li><a href="#">Returns &amp; Exchanges</a></li>
							<li><a href="#">International</a></li>
							</ul>
						</div>
					</div>
				</div>
				<div class="col-lg-4 col-md-4 col-sm-4 col-xs-12">
					<div class="collapsible mobile-collapsible">
						<h3 class="block-title heading">My Account</h3>
						<span class="toggle-tab mobile" style="display: none;"><span class="hidden">facebook</span></span>
						<div class="block-content block-content-statick toggle-content">
							<ul class="bullet">
							<li><a href="{{store url='about-magento-demo-store'}}">About Us</a></li>
							<li><a href="#">Jobs</a></li>
							<li><a href="#">Affiliates</a></li>
							<li><a href="#">Meet The Maker</a></li>
							<li><a href="{{store url='contact'}}">Contact</a></li>
							</ul>
						</div>
					</div>
				</div>
				<div class="col-lg-4 col-md-4 col-sm-4 col-xs-12">
					<div class="collapsible mobile-collapsible">
						<h3 class="block-title heading">Support</h3>
						<span class="toggle-tab mobile" style="display: none;"><span class="hidden">facebook</span></span>
						<div class="block-content block-content-statick toggle-content">
							<ul class="bullet">
							<li><a href="#">Security</a></li>
							<li><a href="#">Privacy</a></li>
							<li><a href="#">Text Messaging</a></li>
							<li><a href="#">Legal</a></li>
							<li><a href="#">Supply chain</a></li>
							</ul>
						</div>
					</div>
				</div>
			</div>
		</div>
		<div class="col-lg-3 col-md-3  col-xs-12">
			<div class="collapsible mobile-collapsible">
				<h3 class="block-title heading">Newsletter</h3>
				<span class="toggle-tab mobile" style="display: none;"><span class="hidden">facebook</span></span>
				<div class="block1 block-content-statick toggle-content">
					<div class="block-newletter">{{block class="Magento\Newsletter\Block\Subscribe" template="subscribe.phtml"}}</div>
				</div>
			</div>
			<div class="collapsible mobile-collapsible">
				<h3 class="block-title heading introduce-title">Let's Socialize</h3>
				<span class="toggle-tab mobile" style="display: none;"><span class="hidden">facebook</span></span>
				<ul class="list-inline toggle-content">
				<li><a class="social-link facebook" href="#"><i class="fa fa-facebook"><span class="hidden">facebook</span></i></a></li>
				<li><a class="social-link pinterest-p" href="#"><i class="fa fa-pinterest-p"><span class="hidden">pinterest</span></i></a></li>
				<li><a class="social-link vk" href="#"><i class="fa fa-vk"><span class="hidden">fa-vk</span></i></a></li>
				<li><a class="social-link twitter" href="#"><i class="fa fa-twitter"><span class="hidden">twitter</span></i></a></li>
				<li><a class="social-link google-plus" href="#"><i class="fa fa-google-plus"><span class="hidden">google-plus</span></i></a></li>
				</ul>
			</div>
		</div>
	</div>
</div>]]></content>
      <is_active><![CDATA[1]]></is_active>
    </item>
    <item>
      <title><![CDATA[block-footer-bottom]]></title>
      <identifier><![CDATA[block-footer-bottom]]></identifier>
      <content><![CDATA[<div class="container">
	<div class="row trademark-box">
		<div class="col-sm-12">
			<ul class="trademark-list-top">
				<li id="payment-methods">Accepted Payment Methods</li>
				<li><a href="#"><img class="img-responsive" alt="ups" src="{{media url="wysiwyg/alothemes/static/demo1/trademark-ups.jpg"}}" /></a></li>
				<li><a href="#"><img class="img-responsive" alt="ups" src="{{media url="wysiwyg/alothemes/static/demo1/trademark-qiwi.jpg"}}" /></a></li>
				<li><a href="#"><img class="img-responsive" alt="ups" src="{{media url="wysiwyg/alothemes/static/demo1/trademark-wu.jpg"}}" /></a></li>
				<li><a href="#"><img class="img-responsive" alt="ups" src="{{media url="wysiwyg/alothemes/static/demo1/trademark-cn.jpg"}}" /> </a></li>
				<li><a href="#"><img class="img-responsive" alt="ups" src="{{media url="wysiwyg/alothemes/static/demo1/trademark-visa.jpg"}}" /></a></li>
				<li><a href="#"><img class="img-responsive" alt="ups" src="{{media url="wysiwyg/alothemes/static/demo1/trademark-mc.jpg"}}" /></a></li>
				<li><a href="#"><img class="img-responsive" alt="ups" src="{{media url="wysiwyg/alothemes/static/demo1/trademark-ems.jpg"}}" /></a></li>
				<li><a href="#"><img class="img-responsive" alt="ups" src="{{media url="wysiwyg/alothemes/static/demo1/trademark-dhl.jpg"}}" /></a></li>
				<li><a href="#"><img class="img-responsive" alt="ups" src="{{media url="wysiwyg/alothemes/static/demo1/trademark-fe.jpg"}}" /></a></li>
				<li><a href="#"><img class="img-responsive" alt="ups" src="{{media url="wysiwyg/alothemes/static/demo1/trademark-wm.jpg"}}" /></a></li>
			</ul>
		</div>
	</div>
	<div class="row trademark-text-box">
		<div class="col-sm-12">
			<ul class="trademark-search-list trademark-list">
				<li class="trademark-text-tit">HOT SEARCHED KEYWORDS:</li>
				<li><a href="#">Xiaomio Mi3</a></li>
				<li><a href="#">Digiflipo Pro XT 712 Tablet</a></li>
				<li><a href="#">Mi 3 Phones</a></li>
				<li><a href="#">Iphoneo 6 Plus</a></li>
				<li><a href="#">Women's Messenger Bags</a></li>
				<li><a href="#">Wallets</a></li>
				<li><a href="#">Women's Clutches</a></li>
				<li><a href="#">Backpacks Totes</a></li>
			</ul>
		</div>
		<div class="col-sm-12">
			<ul class="trademark-tv-list trademark-list">
				<li class="trademark-text-tit">TVS:</li>
				<li><a href="#">Sonyo TV</a></li>
				<li><a href="#">Samsing TV</a></li>
				<li><a href="#">LGG TV</a></li>
				<li><a href="#">Onidai TV</a></li>
				<li><a href="#">Toshibao TV</a></li>
				<li><a href="#">Philipsi TV</a></li>
				<li><a href="#">Micromaxo TV</a></li>
				<li><a href="#">LED TV</a></li>
				<li><a href="#">LCD TV</a></li>
				<li><a href="#">Plasma TV</a></li>
				<li><a href="#">3D TV</a></li>
				<li><a href="#">Smart TV</a></li>
			</ul>
		</div>
		<div class="col-sm-12">
			<ul class="trademark-mobile-list trademark-list">
				<li class="trademark-text-tit">MOBILES:</li>
				<li><a href="#">Moto E</a></li>
				<li><a href="#">Samsing Mobile</a></li>
				<li><a href="#">Micromaxi Mobile</a></li>
				<li><a href="#">Nokian Mobile</a></li>
				<li><a href="#">HTCi Mobile</a></li>
				<li><a href="#">Sonyo Mobile</a></li>
				<li><a href="#">Appleo Mobile</a></li>
				<li><a href="#">LGG Mobile</a></li>
				<li><a href="#">Karbonni Mobile</a></li>
			</ul>
		</div>
		<div class="col-sm-12">
			<ul class="trademark-laptop-list trademark-list">
				<li class="trademark-text-tit">LAPTOPS::</li>
				<li><a href="#">Appleo Laptop</a></li>
				<li><a href="#">Acer Laptop</a></li>
				<li><a href="#">Samsing Laptop</a></li>
				<li><a href="#">Lenov Laptop</a></li>
				<li><a href="#">Sonyo Laptop</a></li>
				<li><a href="#">Delli Laptop</a></li>
				<li><a href="#">Asuso Laptop</a></li>
				<li><a href="#">Toshibao Laptop</a></li>
				<li><a href="#">LGG Laptop</a></li>
				<li><a href="#">HPo Laptop</a></li>
				<li><a href="#">Notebook</a></li>
			</ul>
		</div>
		<div class="col-sm-12">
			<ul class="trademark-watches-list trademark-list">
				<li class="trademark-text-tit">WATCHES:</li>
				<li><a href="#">FCUKo Watches</a></li>
				<li><a href="#">Titan Watches</a></li>
				<li><a href="#">Casioo Watches</a></li>
				<li><a href="#">Fastrack Watches</a></li>
				<li><a href="#">Timexi Watches</a></li>
				<li><a href="#">Fossili Watches</a></li>
				<li><a href="#">Dieselo Watches</a></li>
				<li><a href="#">Toshibao Laptop</a></li>
				<li><a href="#">Luxury Watches</a></li>
			</ul>
		</div>
		<div class="col-sm-12">
			<ul class="trademark-shoes-lis trademark-list">
				<li class="trademark-text-tit">FOOTWEAR:</li>
				<li><a href="#">Shoes</a></li>
				<li><a href="#">Casual Shoes</a></li>
				<li><a href="#">Sports Shoes</a></li>
				<li><a href="#">Adidasi Shoes</a></li>
				<li><a href="#">Gas Shoes</a></li>
				<li><a href="#">Pumai Shoes</a></li>
				<li><a href="#">Reeboki Shoes</a></li>
				<li><a href="#">Woodlandi Shoes</a></li>
				<li><a href="#">Red tape Shoes</a></li>
				<li><a href="#">Nikeo Shoes</a></li>
			</ul>
		</div>
	</div>
	<div class="footer-menu-box row">
		<div class="col-sm-12">
			<ul class="footer-menu-list">
				<li><a href="#">Company Info - Partnerships</a></li>
			</ul>
		</div>
		<div class="col-sm-12">
			<ul class="footer-menu-list">
			<li><a href="#">Online Shopping</a></li>
			<li><a href="#">Promotions</a></li>
			<li><a href="#">My Orders</a></li>
			<li><a href="#">Help</a></li>
			<li><a href="#">Site Map</a></li>
			<li><a href="#">Customer Service</a></li>
			<li><a href="#">Support</a></li>
			</ul>
		</div>
		<div class="col-sm-12">
			<ul class="footer-menu-list">
				<li><a href="#">Most Populars</a></li>
				<li><a href="#">Best Sellers</a></li>
				<li><a href="#">New Arrivals</a></li>
				<li><a href="#">Special Products</a></li>
				<li><a href="#">Manufacturers</a></li>
				<li><a href="#">Our Stores</a></li>
				<li><a href="#">Shipping</a></li>
				<li><a href="#">Payments</a></li>
				<li><a href="#">Warantee</a></li>
				<li><a href="#">Refunds</a></li>
				<li><a href="#">Checkout</a></li>
				<li><a href="#">Discount</a></li>
			</ul>
		</div>
		<div class="col-sm-12">
			<ul class="footer-menu-list">
				<li><a href="#">Terms &amp; Conditions</a></li>
				<li><a href="#">Policy</a></li>
				<li><a href="#">Shipping</a></li>
				<li><a href="#">Payments</a></li>
				<li><a href="#">Returns</a></li>
				<li><a href="#">Refunds</a></li>
				<li><a href="#">Warrantee</a></li>
				<li><a href="#">FAQ</a></li>
				<li><a href="#">Contact</a></li>
			</ul>
		</div>
	</div>
</div>]]></content>
      <is_active><![CDATA[1]]></is_active>
    </item>
    <item>
      <title><![CDATA[Footer Links Company]]></title>
      <identifier><![CDATA[footer_links_company]]></identifier>
      <content><![CDATA[<div class="container">
	<div class="footer-menu-box">
		<div class="col-sm-12">
			<ul class="footer-menu-list">
				<li><a href="#">Company Info - Partnerships</a></li>
			</ul>
		</div>
		<div class="col-sm-12">
			<ul class="footer-menu-list">
			<li><a href="#">Online Shopping</a></li>
			<li><a href="#">Promotions</a></li>
			<li><a href="#">My Orders</a></li>
			<li><a href="#">Help</a></li>
			<li><a href="#">Site Map</a></li>
			<li><a href="#">Customer Service</a></li>
			<li><a href="#">Support</a></li>
			</ul>
		</div>
		<div class="col-sm-12">
			<ul class="footer-menu-list">
				<li><a href="#">Most Populars</a></li>
				<li><a href="#">Best Sellers</a></li>
				<li><a href="#">New Arrivals</a></li>
				<li><a href="#">Special Products</a></li>
				<li><a href="#">Manufacturers</a></li>
				<li><a href="#">Our Stores</a></li>
				<li><a href="#">Shipping</a></li>
				<li><a href="#">Payments</a></li>
				<li><a href="#">Warantee</a></li>
				<li><a href="#">Refunds</a></li>
				<li><a href="#">Checkout</a></li>
				<li><a href="#">Discount</a></li>
			</ul>
		</div>
		<div class="col-sm-12">
			<ul class="footer-menu-list">
				<li><a href="#">Terms &amp; Conditions</a></li>
				<li><a href="#">Policy</a></li>
				<li><a href="#">Shipping</a></li>
				<li><a href="#">Payments</a></li>
				<li><a href="#">Returns</a></li>
				<li><a href="#">Refunds</a></li>
				<li><a href="#">Warrantee</a></li>
				<li><a href="#">FAQ</a></li>
				<li><a href="#">Contact</a></li>
			</ul>
		</div>
	</div>
</div>
]]></content>
      <is_active><![CDATA[0]]></is_active>
    </item>
    <item>
      <title><![CDATA[top-bar-social]]></title>
      <identifier><![CDATA[top-bar-social]]></identifier>
      <content><![CDATA[<div class="top-bar-social"><a href="#"><em class="fa fa-facebook"><span class="hidden">hidden</span></em></a> <a href="#"><em class="fa fa-twitter"><span class="hidden">hidden</span></em></a> <a href="#"><em class="fa fa-pinterest"><span class="hidden">hidden</span></em></a> <a href="#"><em class="fa fa-google-plus"><span class="hidden">hidden</span></em></a></div>]]></content>
      <is_active><![CDATA[1]]></is_active>
    </item>
    <item>
      <title><![CDATA[Block Megashop Demo5 and Deno6]]></title>
      <identifier><![CDATA[block-sectionscontent]]></identifier>
      <content><![CDATA[<div class="container">
	<div class="category-featured content_heading_fashion">{{widget type="Magiccart\Magicproduct\Block\Widget\Catalog" template="catalog.phtml" identifier="mega-shop-fashion-home2"}}</div>
	<div class="category-featured content_heading_sports">{{widget type="Magiccart\Magicproduct\Block\Widget\Catalog" template="catalog.phtml" identifier="mega-shop-sport-home2"}}</div>
	<div class="category-featured content_heading_electronics">{{widget type="Magiccart\Magicproduct\Block\Widget\Catalog" template="catalog.phtml" identifier="mega-shop-electronics-home2"}}</div>
	<div class="category-featured content_heading_digital">{{widget type="Magiccart\Magicproduct\Block\Widget\Catalog" template="catalog.phtml" identifier="mega-shop-digital-home5"}}</div>
	<div class="category-featured content_heading_furniture">{{widget type="Magiccart\Magicproduct\Block\Widget\Catalog" template="catalog.phtml" identifier="mega-shop-furniture-home2"}}</div>
	<div class="category-featured content_heading_jewelry">{{widget type="Magiccart\Magicproduct\Block\Widget\Catalog" template="catalog.phtml" identifier="mega-shop-jewelry-home2"}}</div>
</div>]]></content>
      <is_active><![CDATA[1]]></is_active>
    </item>
    <item>
      <title><![CDATA[keyword]]></title>
      <identifier><![CDATA[keyword]]></identifier>
      <content><![CDATA[<div class="keyword">
<p class="lebal">Keywords:</p>
<p><a href="#">T-shirt, </a> <a href="#">Leggings, </a> <a href="#">Cotton, ...</a></p>
</div>]]></content>
      <is_active><![CDATA[1]]></is_active>
    </item>
    <item>
      <title><![CDATA[Band logo,Blog and Service Demo6]]></title>
      <identifier><![CDATA[block-sectionsbottom]]></identifier>
      <content><![CDATA[<div class="the-brands"><div class="container">{{widget type="Magiccart\Shopbrand\Block\Widget\Brand" template="brand.phtml"}}</div></div>
<!-- block_view_blog_home -->
<div class="alo-blog magiccart-blog clearfix"><div class="container">{{widget type="Magiccart\Alothemes\Block\Widget\Blog" title="Latest Posts Blog" limit="8" slide="1" vertical="false" infinite="true" autoplay="true" arrows="true" dots="false" speed="300" autoplay-Speed="3000" padding="15" template="blog.phtml" rows="1" mobile="1" portrait="1" landscape="2" tablet="3" notebook="3" desktop="4" visible="4"}}</div></div>
<!-- block_view_services_home -->
<div class="container">
    <div class="services2">
	<ul>
		<li class="col-xs-12 col-sm-6 col-md-4 services2-item">
			<div class="service-wapper">
				<div class="row">
					<div class="col-sm-6 image">
						<div class="icon"><img alt="service" class="hot-service-img" src="{{media url="wysiwyg/alothemes/static/demo2/icon-s1.png"}}" /></div>
						<h3 class="title"><a href="#">Great Value</a></h3>
					</div>
					<div class="col-sm-6 text">We offer competitive prices on our 100 million plus product range.</div>
				</div>
			</div>
		</li>
		<li class="col-xs-12 col-sm-6 col-md-4 services2-item">
			<div class="service-wapper">
				<div class="row">
					<div class="col-sm-6 image">
						<div class="icon"><img alt="service" class="hot-service-img" src="{{media url="wysiwyg/alothemes/static/demo2/icon-s2.png"}}" /></div>
						<h3 class="title"><a href="#">Worldwide Delivery</a></h3>
					</div>
					<div class="col-sm-6 text">With sites in 5 languages, we ship to over 200 countries &amp; regions.</div>
				</div>
			</div>
		</li>
		<li class="col-xs-12 col-sm-6 col-md-4 services2-item">
			<div class="service-wapper">
				<div class="row">
					<div class="col-sm-6 image">
						<div class="icon"><img alt="service" class="hot-service-img" src="{{media url="wysiwyg/alothemes/static/demo2/icon-s3.png"}}" /></div>
						<h3 class="title"><a href="#">Safe Payment</a></h3>
					</div>
					<div class="col-sm-6 text">Pay with the world&rsquo;s most popular and secure payment methods.</div>
				</div>
			</div>
		</li>
		<li class="col-xs-12 col-sm-6 col-md-4 services2-item">
			<div class="service-wapper">
				<div class="row">
					<div class="col-sm-6 image">
						<div class="icon"><img alt="service" class="hot-service-img" src="{{media url="wysiwyg/alothemes/static/demo2/icon-s4.png"}}" /></div>
						<h3 class="title"><a href="#">Shop with Confidence</a></h3>
					</div>
					<div class="col-sm-6 text">Our Buyer Protection covers your purchase from click to delivery.</div>
				</div>
			</div>
		</li>
		<li class="col-xs-12 col-sm-6 col-md-4 services2-item">
			<div class="service-wapper">
				<div class="row">
					<div class="col-sm-6 image">
						<div class="icon"><img alt="service" class="hot-service-img" src="{{media url="wysiwyg/alothemes/static/demo2/icon-s5.png"}}" /></div>
						<h3 class="title"><a href="#">24/7 Help Center</a></h3>
					</div>
					<div class="col-sm-6 text">Round-the-clock assistance for a smooth shopping experience.</div>
				</div>
			</div>
		</li>
		<li class="col-xs-12 col-sm-6 col-md-4 services2-item">
			<div class="service-wapper">
				<div class="row">
					<div class="col-sm-6 image">
						<div class="icon"><img alt="service" class="hot-service-img" src="{{media url="wysiwyg/alothemes/static/demo2/icon-s6.png"}}" /></div>
						<h3 class="title"><a href="#">Shop On-The-Go</a></h3>
					</div>
					<div class="col-sm-6 text">Download the app and get the world of KuteShop at your fingertips.</div>
				</div>
			</div>
		</li>
	</ul>
	</div>
</div>]]></content>
      <is_active><![CDATA[1]]></is_active>
    </item>
    <item>
      <title><![CDATA[Support]]></title>
      <identifier><![CDATA[support]]></identifier>
      <content><![CDATA[<div class="support-link"><a href="#">Services</a> <a href="#">Support</a></div>]]></content>
      <is_active><![CDATA[1]]></is_active>
    </item>
    <item>
      <title><![CDATA[banner sidebar category view]]></title>
      <identifier><![CDATA[banner-sidebar-category-view]]></identifier>
      <content><![CDATA[<div class="home-slider banner-sidebar-category ">
	<div class="item-banner"><img src="{{media url=&quot;wysiwyg/alothemes/static/slide-left.jpg&quot;}}" alt="" /></div>
	<div class="item-banner"><img src="{{media url=&quot;wysiwyg/alothemes/static/slide-left2.jpg&quot;}}" alt="" /></div>
	<div class="item-banner"><img src="{{media url=&quot;wysiwyg/alothemes/static/slide-left3.png&quot;}}" alt="" /></div>
</div>]]></content>
      <is_active><![CDATA[0]]></is_active>
    </item>
    <item>
      <title><![CDATA[Testimonial Sidebar Category View]]></title>
      <identifier><![CDATA[testimonial-sidebar-category-view]]></identifier>
      <content><![CDATA[{{widget type="Magiccart\Testimonial\Block\Widget\Testimonial" template="testimonial.phtml"}}]]></content>
      <is_active><![CDATA[0]]></is_active>
    </item>
    <item>
      <title><![CDATA[Category View Left Custom Block]]></title>
      <identifier><![CDATA[category-view-left-custom-block]]></identifier>
      <content><![CDATA[<!-- Slide left category -->
<div class="home-slider autoplay" data-slides-to-show="1" data-slides-to-scroll="1" data-fade="true" data-dots="true" data-arrows="false" data-easing="linear" data-autoplay="true" >
	<div class="item"> 
		<a href="#"> <img class="img-responsive" src="{{media url="wysiwyg/alothemes/static/slide-left.jpg"}}" alt="magicslider" /></a>
	</div>
	<div class="item"> 
		<a href="#"><img class="img-responsive" src="{{media url="wysiwyg/alothemes/static/slide-left2.jpg"}}" alt="magicslider" /></a>
	</div>
	<div class="item"> 
		<a href="#"><img class="img-responsive" src="{{media url="wysiwyg/alothemes/static/slide-left3.png"}}" alt="magicslider" /></a>
	</div>
</div>
<!-- Product custom -->
<div class="block block-custom-product">
        {{widget type="Magiccart\Magicproduct\Block\Widget\Product" identifier="custom-product-left" template="productcustom.phtml"}}
</div>
<!-- Testimonials -->
<div class="block block-testimonial">
        <div class="testimonials">
         {{widget type="Magiccart\Testimonial\Block\Widget\Testimonial" template="testimonial.phtml"}}
         </div>
</div>]]></content>
      <is_active><![CDATA[1]]></is_active>
    </item>
    <item>
      <title><![CDATA[Slide Category]]></title>
      <identifier><![CDATA[slide-category]]></identifier>
      <content><![CDATA[<div class="home-slider autoplay" data-slides-to-show="1" data-slides-to-scroll="1" data-fade="true" data-dots="false" data-arrows="true" data-easing="linear" data-autoplay="false" >
	<div class="item"> 
		<a href="#"> <img class="img-responsive" src="{{media url="wysiwyg/alothemes/static/category-slide.jpg"}}" alt="magicslider" /></a>
	</div>
	<div class="item"> 
		<a href="#"><img class="img-responsive" src="{{media url="wysiwyg/alothemes/static/category-slide2.jpg"}}" alt="magicslider" /></a>
	</div>
</div>]]></content>
      <is_active><![CDATA[1]]></is_active>
    </item>
    <item>
      <title><![CDATA[newsletter_popup]]></title>
      <identifier><![CDATA[newsletter_popup]]></identifier>
      <content><![CDATA[<div class="block-content">
	<div class="form-subscribe-header block-title">
        <label for="newsletter-popup">signup for our newsletter & promotions</label>
    </div>
	<h2 class="promotions promotions1">Get</h2>
    <h2 class="promotions promotions2">50%<span class="off">Off</span></h2>
    <h3>on your next purchase</h3>
	<div class="subcribe-box newsletter-new clearfix">
		<div class="field newsletter input-box">
			<div class="control">
				<input name="email" type="email" id="newsletter-popup" class="input-text"
							placeholder="Enter your email address"
							data-validate="{required:true, 'validate-email':true}"/>
			</div>
		</div>
		<div class="actions">
			<button class="action subscribe button" title="Subscribe" type="submit">
				<span>Subscribe</span>
			</button>
		</div>
	</div>
    <div class="subscribe-bottom">
        <input type="checkbox" />Don’t show this popup again
    </div>
</div>]]></content>
      <is_active><![CDATA[1]]></is_active>
    </item>
    <item>
      <title><![CDATA[Banner Top Menu (Sports)]]></title>
      <identifier><![CDATA[banner-top-menu]]></identifier>
      <content><![CDATA[<div class="banner-top-menu"><img class="img-responsive" alt="" src="{{media url="wysiwyg/alothemes/static/banner-topmenu.jpg"}}" /></div>]]></content>
      <is_active><![CDATA[1]]></is_active>
    </item>
    <item>
      <title><![CDATA[Menu Vertical Custom html]]></title>
      <identifier><![CDATA[vertical-custom-html]]></identifier>
      <content><![CDATA[<div class="mega-custom-html"><a href="#"><img alt="" src="{{media url="wysiwyg/alothemes/static/banner-megamenu.jpg"}}" /></a></div>]]></content>
      <is_active><![CDATA[1]]></is_active>
    </item>
  </block>
</root>
