<?xml version="1.0" encoding="UTF-8"?>
<root>
  <system>
    <config>
      <path>alothemes/grid/portrait</path>
      <value><![CDATA[2]]></value>
    </config>
    <config>
      <path>alothemes/grid/notebook</path>
      <value><![CDATA[3]]></value>
    </config>
    <config>
      <path>alothemes/related/padding</path>
      <value><![CDATA[10]]></value>
    </config>
    <config>
      <path>alothemes/related/landscape</path>
      <value><![CDATA[2]]></value>
    </config>
    <config>
      <path>alothemes/related/notebook</path>
      <value><![CDATA[3]]></value>
    </config>
    <config>
      <path>alothemes/related/laptop</path>
      <value><![CDATA[3]]></value>
    </config>
    <config>
      <path>alothemes/related/desktop</path>
      <value><![CDATA[3]]></value>
    </config>
    <config>
      <path>alothemes/related/widescreen</path>
      <value><![CDATA[3]]></value>
    </config>
    <config>
      <path>alothemes/related/visible</path>
      <value><![CDATA[3]]></value>
    </config>
    <config>
      <path>alothemes/related/arrows</path>
      <value><![CDATA[true]]></value>
    </config>
    <config>
      <path>alothemes/upsell/padding</path>
      <value><![CDATA[10]]></value>
    </config>
    <config>
      <path>alothemes/upsell/landscape</path>
      <value><![CDATA[2]]></value>
    </config>
    <config>
      <path>alothemes/upsell/notebook</path>
      <value><![CDATA[3]]></value>
    </config>
    <config>
      <path>alothemes/upsell/laptop</path>
      <value><![CDATA[3]]></value>
    </config>
    <config>
      <path>alothemes/upsell/desktop</path>
      <value><![CDATA[3]]></value>
    </config>
    <config>
      <path>alothemes/upsell/widescreen</path>
      <value><![CDATA[3]]></value>
    </config>
    <config>
      <path>alothemes/upsell/visible</path>
      <value><![CDATA[3]]></value>
    </config>
    <config>
      <path>alothemes/upsell/arrows</path>
      <value><![CDATA[true]]></value>
    </config>
    <config>
      <path>alothemes/crosssell/padding</path>
      <value><![CDATA[10]]></value>
    </config>
    <config>
      <path>alothemes/crosssell/landscape</path>
      <value><![CDATA[2]]></value>
    </config>
    <config>
      <path>alothemes/crosssell/notebook</path>
      <value><![CDATA[3]]></value>
    </config>
    <config>
      <path>alothemes/crosssell/laptop</path>
      <value><![CDATA[3]]></value>
    </config>
    <config>
      <path>alothemes/crosssell/desktop</path>
      <value><![CDATA[3]]></value>
    </config>
    <config>
      <path>alothemes/crosssell/arrows</path>
      <value><![CDATA[true]]></value>
    </config>
    <config>
      <path>alothemes/labels/salePercent</path>
      <value><![CDATA[0]]></value>
    </config>
    <config>
      <path>alothemes/timer/enabled</path>
      <value><![CDATA[1]]></value>
    </config>
    <config>
      <path>alothemes/categorysearch/enabled</path>
      <value><![CDATA[1]]></value>
    </config>
    <config>
      <path>alothemes/categorysearch/depth</path>
      <value><![CDATA[]]></value>
    </config>
    <config>
      <path>alothemes/newsletter/width</path>
      <value><![CDATA[800]]></value>
    </config>
    <config>
      <path>alothemes/newsletter/height</path>
      <value><![CDATA[500]]></value>
    </config>
    <config>
      <path>alothemes/newsletter/background_image</path>
      <value><![CDATA[default/popup.jpg]]></value>
    </config>
    <config>
      <path>alothemes/font/google</path>
      <value><![CDATA[0]]></value>
    </config>
    <config>
      <path>alothemes/list/mobile</path>
      <value><![CDATA[1]]></value>
    </config>
    <config>
      <path>alothemes/list/portrait</path>
      <value><![CDATA[2]]></value>
    </config>
    <config>
      <path>alothemes/list/landscape</path>
      <value><![CDATA[2]]></value>
    </config>
    <config>
      <path>alothemes/list/tablet</path>
      <value><![CDATA[3]]></value>
    </config>
    <config>
      <path>alothemes/list/desktop</path>
      <value><![CDATA[2]]></value>
    </config>
    <config>
      <path>alothemes/list/visible</path>
      <value><![CDATA[3]]></value>
    </config>
    <config>
      <path>alothemes/list/padding</path>
      <value><![CDATA[15]]></value>
    </config>
    <config>
      <path>alodesign/general/developer</path>
      <value><![CDATA[0]]></value>
    </config>
    <config>
      <path>alodesign/base/color</path>
      <value><![CDATA[a:25:{s:18:"_1460970308665_665";a:5:{s:5:"title";s:9:"Text body";s:8:"selector";s:58:"body, h1, h2, h3, h4, h5, h6, .h1, .h2, .h3, .h4, .h5, .h6";s:5:"color";s:7:"#666666";s:10:"background";s:0:"";s:6:"border";s:0:"";}s:18:"_1460973866805_805";a:5:{s:5:"title";s:9:"Link body";s:8:"selector";s:124:"body.page-layout-1column a,body.page-layout-2columns-left a,body.page-layout-2columns-right a,.block-collapsible-nav .item a";s:5:"color";s:7:"#666666";s:10:"background";s:0:"";s:6:"border";s:0:"";}s:18:"_1460970355783_783";a:5:{s:5:"title";s:15:"Link body hover";s:8:"selector";s:25:"body a:hover,body a:focus";s:5:"color";s:7:"#007176";s:10:"background";s:0:"";s:6:"border";s:0:"";}s:18:"_1460973917197_197";a:5:{s:5:"title";s:15:"Background body";s:8:"selector";s:4:"body";s:5:"color";s:0:"";s:10:"background";s:7:"#ffffff";s:6:"border";s:0:"";}s:18:"_1460973918132_132";a:5:{s:5:"title";s:9:"Label New";s:8:"selector";s:9:".labelnew";s:5:"color";s:7:"#ffffff";s:10:"background";s:7:"#009966";s:6:"border";s:0:"";}s:18:"_1460973919478_478";a:5:{s:5:"title";s:10:"Label Sale";s:8:"selector";s:10:".labelsale";s:5:"color";s:7:"#ffffff";s:10:"background";s:7:"#ff6600";s:6:"border";s:0:"";}s:18:"_1460973920300_300";a:5:{s:5:"title";s:6:"Button";s:8:"selector";s:87:"button.button, button, .cart .continue, .actions-toolbar .primary a.action,button:focus";s:5:"color";s:7:"#ffffff";s:10:"background";s:7:"#666666";s:6:"border";s:7:"#eaeaea";}s:18:"_1460973921109_109";a:5:{s:5:"title";s:12:"Button hover";s:8:"selector";s:98:"button.button:hover, button:hover, .cart .continue:hover, .actions-toolbar .primary a.action:hover";s:5:"color";s:7:"#ffffff";s:10:"background";s:7:"#007176";s:6:"border";s:7:"#007176";}s:17:"_1460974143044_44";a:5:{s:5:"title";s:15:"Button checkout";s:8:"selector";s:55:".cart-container .checkout-methods-items .action.primary";s:5:"color";s:7:"#ffffff";s:10:"background";s:7:"#007176";s:6:"border";s:7:"#007176";}s:18:"_1460974161636_636";a:5:{s:5:"title";s:21:"Button checkout hover";s:8:"selector";s:61:".cart-container .checkout-methods-items .action.primary:hover";s:5:"color";s:7:"#242628";s:10:"background";s:7:"#ffffff";s:6:"border";s:0:"";}s:18:"_1495785116692_692";a:5:{s:5:"title";s:18:"Checkout  progress";s:8:"selector";s:37:".opc-progress-bar-item._active:before";s:5:"color";s:0:"";s:10:"background";s:7:"#007176";s:6:"border";s:0:"";}s:18:"_1495785115763_763";a:5:{s:5:"title";s:18:"Checkout  progress";s:8:"selector";s:44:".opc-progress-bar-item._active > span:before";s:5:"color";s:0:"";s:10:"background";s:7:"#007176";s:6:"border";s:0:"";}s:18:"_1495785114701_701";a:5:{s:5:"title";s:16:"Shipping Address";s:8:"selector";s:49:".opc-wrapper .shipping-address-item.selected-item";s:5:"color";s:0:"";s:10:"background";s:0:"";s:6:"border";s:7:"#007176";}s:18:"_1495785113297_297";a:5:{s:5:"title";s:16:"Shipping Address";s:8:"selector";s:55:".opc-wrapper .shipping-address-item.selected-item:after";s:5:"color";s:0:"";s:10:"background";s:7:"#007176";s:6:"border";s:0:"";}s:18:"_1462359190350_350";a:5:{s:5:"title";s:14:"Slide caption1";s:8:"selector";s:60:".home-slider .slick-slide.slick-active .figcaption .caption1";s:5:"color";s:7:"#3e4041";s:10:"background";s:0:"";s:6:"border";s:0:"";}s:18:"_1462359194278_278";a:5:{s:5:"title";s:14:"Slide caption2";s:8:"selector";s:60:".home-slider .slick-slide.slick-active .figcaption .caption2";s:5:"color";s:7:"#ffffff";s:10:"background";s:0:"";s:6:"border";s:0:"";}s:18:"_1462359195592_592";a:5:{s:5:"title";s:14:"Slide caption3";s:8:"selector";s:77:".home-slider .slick-slide.slick-active .figcaption .caption3,.caption3 strong";s:5:"color";s:7:"#ffffff";s:10:"background";s:0:"";s:6:"border";s:0:"";}s:17:"_1462359677068_68";a:5:{s:5:"title";s:15:"Slide2 caption1";s:8:"selector";s:73:".home-slider .slick-slide.slick-active .figcaption .text-slide2 .caption1";s:5:"color";s:7:"#88898c";s:10:"background";s:0:"";s:6:"border";s:0:"";}s:18:"_1495708497892_892";a:5:{s:5:"title";s:31:"Magicslider Slick prev and next";s:8:"selector";s:25:".home-slider .slick-arrow";s:5:"color";s:7:"#cccccc";s:10:"background";s:7:"#eaeaea";s:6:"border";s:0:"";}s:18:"_1495708498865_865";a:5:{s:5:"title";s:37:"Magicslider Slick prev and next hover";s:8:"selector";s:31:".home-slider .slick-arrow:hover";s:5:"color";s:7:"#ffffff";s:10:"background";s:7:"#007176";s:6:"border";s:7:"#007176";}s:18:"_1495708557684_684";a:5:{s:5:"title";s:24:"Magicslider Slick button";s:8:"selector";s:46:".homeslider .home-slider .slick-dots li button";s:5:"color";s:7:"#cccccc";s:10:"background";s:7:"#eaeaea";s:6:"border";s:7:"#eaeaea";}s:18:"_1495708558764_764";a:5:{s:5:"title";s:30:"Magicslider Slick button Hover";s:8:"selector";s:113:".homeslider .home-slider .slick-dots li.slick-active button, .homeslider .home-slider .slick-dots li button:hover";s:5:"color";s:7:"#ffffff";s:10:"background";s:7:"#007176";s:6:"border";s:7:"#007176";}s:18:"_1495708342784_784";a:5:{s:5:"title";s:22:"Popup Newsletter Color";s:8:"selector";s:82:"#popup-newsletter .form-subscribe-header label,#popup-newsletter .block-content h3";s:5:"color";s:7:"#333333";s:10:"background";s:0:"";s:6:"border";s:0:"";}s:18:"_1495708344313_313";a:5:{s:5:"title";s:27:"Popup Newsletter promotions";s:8:"selector";s:44:"#popup-newsletter .block-content .promotions";s:5:"color";s:7:"#999999";s:10:"background";s:0:"";s:6:"border";s:0:"";}s:18:"_1495708402187_187";a:5:{s:5:"title";s:27:"Popup Newsletter promotions";s:8:"selector";s:45:"#popup-newsletter .block-content .promotions2";s:5:"color";s:7:"#cc3366";s:10:"background";s:0:"";s:6:"border";s:0:"";}}]]></value>
    </config>
    <config>
      <path>alodesign/header/color</path>
      <value><![CDATA[a:35:{s:18:"_1460974842988_988";a:5:{s:5:"title";s:4:"Link";s:8:"selector";s:14:".page-header a";s:5:"color";s:7:"#666666";s:10:"background";s:0:"";s:6:"border";s:0:"";}s:17:"_1460974844035_35";a:5:{s:5:"title";s:10:"Link hover";s:8:"selector";s:20:".page-header a:hover";s:5:"color";s:7:"#007176";s:10:"background";s:0:"";s:6:"border";s:0:"";}s:18:"_1461745654953_953";a:5:{s:5:"title";s:19:"Sign In or Register";s:8:"selector";s:23:".header .top-links li a";s:5:"color";s:7:"#666666";s:10:"background";s:0:"";s:6:"border";s:0:"";}s:18:"_1460974844914_914";a:5:{s:5:"title";s:29:"Language,Currency,custom link";s:8:"selector";s:318:".page-header .support-link a,.page-header .support-link a:hover,.text-setting, .text-setting:after,.switcher-options strong span,.page-header .switcher .options .action.toggle:after, .page-footer .switcher .options .action.toggle:after,.content-seach .keyword a,.content-seach .keyword .lebal,.header .top-bar-social a";s:5:"color";s:7:"#ffffff";s:10:"background";s:0:"";s:6:"border";s:7:"#ffffff";}s:18:"_1470106781120_120";a:5:{s:5:"title";s:15:"Dropdown border";s:8:"selector";s:220:".page-header .switcher .options ul.dropdown, .page-footer .switcher .options ul.dropdown,.header .currency_top .dropdown-switcher, .header .top-form-language .dropdown-switcher, .header .header-setting .dropdown-switcher";s:5:"color";s:0:"";s:10:"background";s:0:"";s:6:"border";s:7:"#007176";}s:18:"_1460974849970_970";a:5:{s:5:"title";s:20:"Background Top Color";s:8:"selector";s:11:".header-top";s:5:"color";s:0:"";s:10:"background";s:7:"#007176";s:6:"border";s:0:"";}s:18:"_1460974850895_895";a:5:{s:5:"title";s:24:"Background Content Color";s:8:"selector";s:15:".header-content";s:5:"color";s:0:"";s:10:"background";s:7:"#008a90";s:6:"border";s:0:"";}s:18:"_1470106712886_886";a:5:{s:5:"title";s:23:"Background Bottom Color";s:8:"selector";s:14:".header-bottom";s:5:"color";s:0:"";s:10:"background";s:7:"#008a90";s:6:"border";s:0:"";}s:18:"_1470105278708_708";a:5:{s:5:"title";s:18:"Form search border";s:8:"selector";s:20:".header .form-search";s:5:"color";s:0:"";s:10:"background";s:7:"#ffffff";s:6:"border";s:7:"#eaeaea";}s:18:"_1470105085919_919";a:5:{s:5:"title";s:18:"Form search button";s:8:"selector";s:34:".header .form-search button.button";s:5:"color";s:7:"#ffffff";s:10:"background";s:7:"#007176";s:6:"border";s:0:"";}s:18:"_1470105084983_983";a:5:{s:5:"title";s:24:"Form search button hover";s:8:"selector";s:40:".header .form-search button.button:hover";s:5:"color";s:7:"#ffffff";s:10:"background";s:7:"#007176";s:6:"border";s:0:"";}s:18:"_1470105404290_290";a:5:{s:5:"title";s:22:"Minicart showcart icon";s:8:"selector";s:33:".minicart-wrapper .showcart:after";s:5:"color";s:0:"";s:10:"background";s:16:"rgba(0, 0, 0, 0)";s:6:"border";s:0:"";}s:18:"_1461746040974_974";a:5:{s:5:"title";s:12:"Minicart qty";s:8:"selector";s:47:".minicart-wrapper .action.showcart .counter.qty";s:5:"color";s:7:"#ffffff";s:10:"background";s:16:"rgba(0, 0, 0, 0)";s:6:"border";s:0:"";}s:18:"_1461747058784_784";a:5:{s:5:"title";s:21:"Minicart box dropdown";s:8:"selector";s:33:".minicart-wrapper .block-minicart";s:5:"color";s:0:"";s:10:"background";s:7:"#ffffff";s:6:"border";s:7:"#007176";}s:18:"_1461746040733_733";a:5:{s:5:"title";s:17:"Minicart checkout";s:8:"selector";s:73:".block-minicart .block-content .actions .primary .action.primary.checkout";s:5:"color";s:7:"#ffffff";s:10:"background";s:7:"#007176";s:6:"border";s:7:"#007176";}s:18:"_1461746040514_514";a:5:{s:5:"title";s:17:"Minicart viewcart";s:8:"selector";s:60:".block-minicart .block-content .actions .secondary .viewcart";s:5:"color";s:7:"#666666";s:10:"background";s:0:"";s:6:"border";s:7:"#eaeaea";}s:18:"_1461746040213_213";a:5:{s:5:"title";s:23:"Minicart viewcart hover";s:8:"selector";s:66:".block-minicart .block-content .actions .secondary .viewcart:hover";s:5:"color";s:7:"#ffffff";s:10:"background";s:7:"#007176";s:6:"border";s:7:"#007176";}s:18:"_1460974852706_706";a:5:{s:5:"title";s:25:"Background Drop-down-menu";s:8:"selector";s:205:".magicmenu .nav-desktop .level0 .level-top-mega,.magicmenu .nav-desktop .level0.dropdown .hasChild ul, .magicmenu .nav-desktop .level0.dropdown .hasChild ul,.magicmenu .nav-desktop .level0.dropdown .level0";s:5:"color";s:0:"";s:10:"background";s:7:"#ffffff";s:6:"border";s:7:"#f0f0f0";}s:18:"_1495773010869_869";a:5:{s:5:"title";s:19:"Background Menu Top";s:8:"selector";s:37:".nav-sections-item-content .magicmenu";s:5:"color";s:0:"";s:10:"background";s:7:"#007176";s:6:"border";s:0:"";}s:18:"_1460974853562_562";a:5:{s:5:"title";s:9:"Item-menu";s:8:"selector";s:42:".magicmenu .nav-desktop .level0 .level-top";s:5:"color";s:7:"#ffffff";s:10:"background";s:0:"";s:6:"border";s:0:"";}s:18:"_1460975123617_617";a:5:{s:5:"title";s:23:"Item-menu(hover,active)";s:8:"selector";s:259:".magicmenu .nav-desktop .level0.over a.level-top, .magicmenu .nav-desktop .level0.active a.level-top, .magicmenu .nav-desktop .level0.active a span.icon-text, .magicmenu .nav-desktop .level0 a.level-top:hover, .magicmenu .nav-desktop .level0 a.icon-text:hover";s:5:"color";s:7:"#ffffff";s:10:"background";s:7:"#00abb3";s:6:"border";s:0:"";}s:18:"_1460975135746_746";a:5:{s:5:"title";s:25:"Drop-down-menu-link-leve2";s:8:"selector";s:71:".magicmenu .nav-desktop .level0 .level-top-mega .children.level1 &gt; a";s:5:"color";s:7:"#333333";s:10:"background";s:0:"";s:6:"border";s:0:"";}s:18:"_1495710030902_902";a:5:{s:5:"title";s:32:"Drop-down-menu-link-leve2 before";s:8:"selector";s:133:".magicmenu .nav-desktop .level0 .level-top-mega .children.level1 > a:before, .vmagicmenu .level0 .level-top-mega .children > a:before";s:5:"color";s:0:"";s:10:"background";s:0:"";s:6:"border";s:7:"#007176";}s:18:"_1460975137282_282";a:5:{s:5:"title";s:25:"Drop-down-menu-link-leve3";s:8:"selector";s:192:".magicmenu .nav-desktop .level0 .level-top-mega .children a, .magicmenu .nav-desktop p,.magicmenu .nav-desktop .level0.dropdown ul li a, .vmagicmenu .vmagicmenu-narrow .level0.dropdown ul li a";s:5:"color";s:7:"#666666";s:10:"background";s:0:"";s:6:"border";s:0:"";}s:18:"_1460975138353_353";a:5:{s:5:"title";s:25:"Drop-down-menu-link-hover";s:8:"selector";s:183:".magicmenu .nav-desktop .level0 .level-top-mega .children a:hover,.magicmenu .nav-desktop .level0.dropdown ul li a:hover, .vmagicmenu .vmagicmenu-narrow .level0.dropdown ul li a:hover";s:5:"color";s:7:"#007176";s:10:"background";s:0:"";s:6:"border";s:0:"";}s:18:"_1464086829976_976";a:5:{s:5:"title";s:14:"Vmenu Title Bg";s:8:"selector";s:24:".vmagicmenu .block-title";s:5:"color";s:0:"";s:10:"background";s:7:"#000000";s:6:"border";s:0:"";}s:18:"_1464086831116_116";a:5:{s:5:"title";s:16:"Vmenu Title text";s:8:"selector";s:29:".vmagicmenu .block-title span";s:5:"color";s:7:"#ffffff";s:10:"background";s:0:"";s:6:"border";s:0:"";}s:18:"_1464086831981_981";a:5:{s:5:"title";s:16:"Vmenu content Bg";s:8:"selector";s:37:".vmagicmenu .block-vmagicmenu-content";s:5:"color";s:0:"";s:10:"background";s:7:"#ffffff";s:6:"border";s:7:"#eaeaea";}s:18:"_1464087166851_851";a:5:{s:5:"title";s:22:"Vmenu content level Bg";s:8:"selector";s:153:".vmagicmenu .level0 .level-top-mega, .vmagicmenu .vmagicmenu-narrow .level0.dropdown .level0,.vmagicmenu .vmagicmenu-narrow .level0.dropdown .hasChild ul";s:5:"color";s:0:"";s:10:"background";s:7:"#ffffff";s:6:"border";s:7:"#eaeaea";}s:18:"_1470106076710_710";a:5:{s:5:"title";s:11:"Vmenu level";s:8:"selector";s:83:".vmagicmenu .level0 .level-top, .vmagicmenu .block-vmagicmenu-content .all-cat span";s:5:"color";s:7:"#666666";s:10:"background";s:0:"";s:6:"border";s:0:"";}s:18:"_1495710118710_710";a:5:{s:5:"title";s:13:"Vmenu level 2";s:8:"selector";s:49:".vmagicmenu .level0 .level-top-mega .children > a";s:5:"color";s:7:"#333333";s:10:"background";s:0:"";s:6:"border";s:0:"";}s:18:"_1495710066537_537";a:5:{s:5:"title";s:13:"Vmenu level 3";s:8:"selector";s:47:".vmagicmenu .level0 .level-top-mega .children a";s:5:"color";s:7:"#666666";s:10:"background";s:0:"";s:6:"border";s:0:"";}s:18:"_1495710083530_530";a:5:{s:5:"title";s:17:"Vmenu level hover";s:8:"selector";s:53:".vmagicmenu .level0 .level-top-mega .children a:hover";s:5:"color";s:7:"#007176";s:10:"background";s:0:"";s:6:"border";s:0:"";}s:18:"_1470106079725_725";a:5:{s:5:"title";s:17:"Vmenu level hover";s:8:"selector";s:112:".vmagicmenu .level0:hover, .vmagicmenu .level0.active, .vmagicmenu .block-vmagicmenu-content .all-cat span:hover";s:5:"color";s:7:"#ffffff";s:10:"background";s:7:"#007176";s:6:"border";s:0:"";}s:18:"_1470106078931_931";a:5:{s:5:"title";s:19:"Vmenu level a hover";s:8:"selector";s:36:".vmagicmenu .level0:hover .level-top";s:5:"color";s:7:"#ffffff";s:10:"background";s:0:"";s:6:"border";s:0:"";}}]]></value>
    </config>
    <config>
      <path>alodesign/left/color</path>
      <value><![CDATA[{"_1461733216439_439":{"title":"Title filter","selector":".filter-options .filter-options-title","color":"#666666","background":"","border":""}}]]></value>
    </config>
    <config>
      <path>alodesign/right/color</path>
      <value><![CDATA[{"_1461733250879_879":{"title":"Title filter","selector":".filter-options .filter-options-title","color":"#666666","background":"","border":""}}]]></value>
    </config>
    <config>
      <path>alodesign/content/color</path>
      <value><![CDATA[a:51:{s:18:"_1461730970276_276";a:5:{s:5:"title";s:21:"Icon wishlist,compare";s:8:"selector";s:316:".item .actions-no .add-to-links a, .products-list .item .product-item-inner .add-to-links .action,.products-list .item .product-item-inner .add-to-links .quickview,.product-view .product-shop .product-social-links a .icons, .product-add-form .product-social-links a .icons, .item .actions-no .add-to-links .quickview";s:5:"color";s:7:"#ffffff";s:10:"background";s:7:"#999999";s:6:"border";s:7:"#999999";}s:18:"_1461731118212_212";a:5:{s:5:"title";s:28:"Icon(hover) wishlist,compare";s:8:"selector";s:350:".item .actions-no .add-to-links a:hover,.products-list .item .product-item-inner .add-to-links .action:hover,.product-view .product-shop .product-social-links a:hover .icons, .product-add-form .product-social-links a:hover .icons,.item .actions-no .add-to-links .quickview:hover,.products-list .item .product-item-inner .add-to-links .quickview:hover";s:5:"color";s:7:"#ffffff";s:10:"background";s:7:"#007176";s:6:"border";s:7:"#007176";}s:18:"_1470035375286_286";a:5:{s:5:"title";s:11:"Button cart";s:8:"selector";s:36:".item .actions-cart .button.btn-cart";s:5:"color";s:7:"#ffffff";s:10:"background";s:7:"#444444";s:6:"border";s:0:"";}s:18:"_1470035374470_470";a:5:{s:5:"title";s:17:"Button cart hover";s:8:"selector";s:42:".item .actions-cart .button.btn-cart:hover";s:5:"color";s:7:"#ffffff";s:10:"background";s:7:"#007176";s:6:"border";s:0:"";}s:18:"_1495709367600_600";a:5:{s:5:"title";s:25:"Button cart  product page";s:8:"selector";s:40:".product-view .add-to-cart button.button";s:5:"color";s:7:"#ffffff";s:10:"background";s:7:"#007176";s:6:"border";s:0:"";}s:17:"_1495709381099_99";a:5:{s:5:"title";s:30:"Products Category Title Border";s:8:"selector";s:207:".page-products .page-title-wrapper h1 span,.the-brands .magictabs,.cms-index-index .border-bottom:before,.latest-deals .latest-deal-content,.group-title span,.alo-blog .block-recent-posts .block-title strong";s:5:"color";s:0:"";s:10:"background";s:0:"";s:6:"border";s:7:"#007176";}s:18:"_1495773352712_712";a:5:{s:5:"title";s:14:"Blog Read More";s:8:"selector";s:59:".post-info .post-read-more,.post-info .post-read-more:hover";s:5:"color";s:7:"#007176";s:10:"background";s:0:"";s:6:"border";s:0:"";}s:18:"_1495792980779_779";a:5:{s:5:"title";s:18:"More block-popular";s:8:"selector";s:24:".block-popular-cat .more";s:5:"color";s:7:"#ffffff";s:10:"background";s:7:"#00abb3";s:6:"border";s:0:"";}s:18:"_1495709396620_620";a:5:{s:5:"title";s:5:"Price";s:8:"selector";s:39:".special-price .price,.price-box .price";s:5:"color";s:7:"#f96d10";s:10:"background";s:0:"";s:6:"border";s:0:"";}s:18:"_1461732155993_993";a:5:{s:5:"title";s:18:"Title product name";s:8:"selector";s:37:".product-item-name .product-item-link";s:5:"color";s:7:"#666666";s:10:"background";s:0:"";s:6:"border";s:0:"";}s:18:"_1461732172241_241";a:5:{s:5:"title";s:24:"Title product name hover";s:8:"selector";s:43:".product-item-name .product-item-link:hover";s:5:"color";s:7:"#007176";s:10:"background";s:0:"";s:6:"border";s:0:"";}s:17:"_1461732471049_49";a:5:{s:5:"title";s:18:"Toolbar modes mode";s:8:"selector";s:20:".toolbar .modes-mode";s:5:"color";s:7:"#999999";s:10:"background";s:0:"";s:6:"border";s:7:"#e8e8e8";}s:18:"_1461732472360_360";a:5:{s:5:"title";s:31:"Toolbar modes mode active,hover";s:8:"selector";s:55:".toolbar .modes-mode.active, .toolbar .modes-mode:hover";s:5:"color";s:7:"#ffffff";s:10:"background";s:7:"#007176";s:6:"border";s:7:"#007176";}s:18:"_1495709435391_391";a:5:{s:5:"title";s:19:"Toolbar pages-items";s:8:"selector";s:53:".pages li.current, .pages li:hover, .pages li a:hover";s:5:"color";s:7:"#ffffff";s:10:"background";s:7:"#007176";s:6:"border";s:7:"#007176";}s:18:"_1470035581454_454";a:5:{s:5:"title";s:19:"Slick prev and next";s:8:"selector";s:94:".slick-prev, .slick-next,.content-products .products .slick-arrow, .shopbrand-box .slick-arrow";s:5:"color";s:7:"#cccccc";s:10:"background";s:7:"#eaeaea";s:6:"border";s:7:"#eaeaea";}s:18:"_1470035580602_602";a:5:{s:5:"title";s:25:"Slick prev and next hover";s:8:"selector";s:118:".slick-prev:hover, .slick-next:hover,.content-products .products .slick-arrow:hover, .shopbrand-box .slick-arrow:hover";s:5:"color";s:7:"#ffffff";s:10:"background";s:7:"#007176";s:6:"border";s:7:"#007176";}s:18:"_1495708734923_923";a:5:{s:5:"title";s:12:"Slick button";s:8:"selector";s:52:".slick-dots li button,.sidebar .slick-dots li button";s:5:"color";s:7:"#ffffff";s:10:"background";s:7:"#adadad";s:6:"border";s:7:"#adadad";}s:18:"_1495708788756_756";a:5:{s:5:"title";s:25:"Slick button hover active";s:8:"selector";s:144:".sidebar .slick-dots li button:hover, .sidebar .slick-dots li.slick-active button,.slick-dots li button:hover,.slick-dots li.slick-active button";s:5:"color";s:7:"#ffffff";s:10:"background";s:7:"#007176";s:6:"border";s:7:"#007176";}s:18:"_1470108418688_688";a:5:{s:5:"title";s:17:"Magic Tab Product";s:8:"selector";s:16:".magictabs .item";s:5:"color";s:0:"";s:10:"background";s:0:"";s:6:"border";s:7:"#007176";}s:17:"_1470108418083_83";a:5:{s:5:"title";s:22:"Magic Tab Product Item";s:8:"selector";s:23:".magictabs .item .title";s:5:"color";s:7:"#333333";s:10:"background";s:0:"";s:6:"border";s:0:"";}s:18:"_1470108417425_425";a:5:{s:5:"title";s:24:"Magic Tab Product Active";s:8:"selector";s:50:".magictabs .item.activated, .magictabs .item:hover";s:5:"color";s:0:"";s:10:"background";s:0:"";s:6:"border";s:7:"#007176";}s:18:"_1470108685858_858";a:5:{s:5:"title";s:19:"Megashop Title Name";s:8:"selector";s:12:".megashop h3";s:5:"color";s:7:"#ffffff";s:10:"background";s:7:"#ff3366";s:6:"border";s:0:"";}s:18:"_1470108588779_779";a:5:{s:5:"title";s:12:"Megashop Tab";s:8:"selector";s:20:".megashop .magictabs";s:5:"color";s:0:"";s:10:"background";s:0:"";s:6:"border";s:7:"#ff3366";}s:18:"_1470108596607_607";a:5:{s:5:"title";s:30:"Megashop Tab item active hover";s:8:"selector";s:84:".megashop .magictabs .item:hover .title, .megashop .magictabs .item.activated .title";s:5:"color";s:7:"#ff3366";s:10:"background";s:16:"rgba(0, 0, 0, 0)";s:6:"border";s:0:"";}s:18:"_1495796884785_785";a:5:{s:5:"title";s:23:"Megashop Tab item After";s:8:"selector";s:96:".megashop .magictabs .item:hover .title:after, .megashop .magictabs .item.activated .title:after";s:5:"color";s:7:"#ff3366";s:10:"background";s:0:"";s:6:"border";s:0:"";}s:18:"_1495796883664_664";a:5:{s:5:"title";s:24:"Megashop Tab item Before";s:8:"selector";s:40:".megashop .magictabs .item .title:before";s:5:"color";s:0:"";s:10:"background";s:7:"#ff3366";s:6:"border";s:0:"";}s:18:"_1470108596377_377";a:5:{s:5:"title";s:19:"Megashop Tab Sports";s:8:"selector";s:44:".content_heading_sports .megashop .magictabs";s:5:"color";s:0:"";s:10:"background";s:0:"";s:6:"border";s:7:"#339966";}s:17:"_1495796957034_34";a:5:{s:5:"title";s:26:"Megashop Sports Title Name";s:8:"selector";s:36:".content_heading_sports .megashop h3";s:5:"color";s:0:"";s:10:"background";s:7:"#339966";s:6:"border";s:0:"";}s:18:"_1470108596159_159";a:5:{s:5:"title";s:37:"Megashop Tab Sports item active hover";s:8:"selector";s:132:".content_heading_sports .megashop .magictabs .item:hover .title, .content_heading_sports .megashop .magictabs .item.activated .title";s:5:"color";s:7:"#339966";s:10:"background";s:16:"rgba(0, 0, 0, 0)";s:6:"border";s:0:"";}s:17:"_1495797470069_69";a:5:{s:5:"title";s:30:"Megashop Sports Tab item After";s:8:"selector";s:144:".content_heading_sports .megashop .magictabs .item:hover .title:after, .content_heading_sports .megashop .magictabs .item.activated .title:after";s:5:"color";s:7:"#339966";s:10:"background";s:0:"";s:6:"border";s:0:"";}s:18:"_1495797468863_863";a:5:{s:5:"title";s:31:"Megashop Sports Tab item Before";s:8:"selector";s:64:".content_heading_sports .megashop .magictabs .item .title:before";s:5:"color";s:0:"";s:10:"background";s:7:"#339966";s:6:"border";s:0:"";}s:18:"_1470108595568_568";a:5:{s:5:"title";s:24:"Megashop Tab Electronics";s:8:"selector";s:49:".content_heading_electronics .megashop .magictabs";s:5:"color";s:0:"";s:10:"background";s:0:"";s:6:"border";s:7:"#0090c9";}s:18:"_1495796998291_291";a:5:{s:5:"title";s:31:"Megashop Electronics Title Name";s:8:"selector";s:41:".content_heading_electronics .megashop h3";s:5:"color";s:0:"";s:10:"background";s:7:"#0090c9";s:6:"border";s:0:"";}s:18:"_1470108972292_292";a:5:{s:5:"title";s:42:"Megashop Tab Electronics item active hover";s:8:"selector";s:142:".content_heading_electronics .megashop .magictabs .item:hover .title, .content_heading_electronics .megashop .magictabs .item.activated .title";s:5:"color";s:7:"#0090c9";s:10:"background";s:16:"rgba(0, 0, 0, 0)";s:6:"border";s:0:"";}s:18:"_1495797018959_959";a:5:{s:5:"title";s:35:"Megashop Electronics Tab item After";s:8:"selector";s:154:".content_heading_electronics .megashop .magictabs .item:hover .title:after, .content_heading_electronics .megashop .magictabs .item.activated .title:after";s:5:"color";s:7:"#0090c9";s:10:"background";s:0:"";s:6:"border";s:0:"";}s:17:"_1495797020049_49";a:5:{s:5:"title";s:36:"Megashop Electronics Tab item Before";s:8:"selector";s:69:".content_heading_electronics .megashop .magictabs .item .title:before";s:5:"color";s:0:"";s:10:"background";s:7:"#0090c9";s:6:"border";s:0:"";}s:18:"_1470108971630_630";a:5:{s:5:"title";s:20:"Megashop Tab Digital";s:8:"selector";s:45:".content_heading_digital .megashop .magictabs";s:5:"color";s:0:"";s:10:"background";s:0:"";s:6:"border";s:7:"#3366cc";}s:18:"_1495797059393_393";a:5:{s:5:"title";s:27:"Megashop Digital Title Name";s:8:"selector";s:37:".content_heading_digital .megashop h3";s:5:"color";s:0:"";s:10:"background";s:7:"#3366cc";s:6:"border";s:0:"";}s:18:"_1470109089912_912";a:5:{s:5:"title";s:38:"Megashop Tab Digital item active hover";s:8:"selector";s:134:".content_heading_digital .megashop .magictabs .item:hover .title, .content_heading_digital .megashop .magictabs .item.activated .title";s:5:"color";s:7:"#3366cc";s:10:"background";s:16:"rgba(0, 0, 0, 0)";s:6:"border";s:0:"";}s:18:"_1495797096443_443";a:5:{s:5:"title";s:31:"Megashop Digital Tab item After";s:8:"selector";s:146:".content_heading_digital .megashop .magictabs .item:hover .title:after, .content_heading_digital .megashop .magictabs .item.activated .title:after";s:5:"color";s:7:"#3366cc";s:10:"background";s:0:"";s:6:"border";s:0:"";}s:18:"_1495797097635_635";a:5:{s:5:"title";s:32:"Megashop Digital Tab item Before";s:8:"selector";s:65:".content_heading_digital .megashop .magictabs .item .title:before";s:5:"color";s:0:"";s:10:"background";s:7:"#3366cc";s:6:"border";s:0:"";}s:18:"_1470109089242_242";a:5:{s:5:"title";s:22:"Megashop Tab Furniture";s:8:"selector";s:47:".content_heading_furniture .megashop .magictabs";s:5:"color";s:0:"";s:10:"background";s:0:"";s:6:"border";s:7:"#669900";}s:18:"_1495797143357_357";a:5:{s:5:"title";s:29:"Megashop Furniture Title Name";s:8:"selector";s:39:".content_heading_furniture .megashop h3";s:5:"color";s:0:"";s:10:"background";s:7:"#669900";s:6:"border";s:0:"";}s:18:"_1470109197138_138";a:5:{s:5:"title";s:40:"Megashop Tab Furniture item active hover";s:8:"selector";s:138:".content_heading_furniture .megashop .magictabs .item:hover .title, .content_heading_furniture .megashop .magictabs .item.activated .title";s:5:"color";s:7:"#669900";s:10:"background";s:16:"rgba(0, 0, 0, 0)";s:6:"border";s:0:"";}s:18:"_1495797170459_459";a:5:{s:5:"title";s:33:"Megashop Furniture Tab item After";s:8:"selector";s:150:".content_heading_furniture .megashop .magictabs .item:hover .title:after, .content_heading_furniture .megashop .magictabs .item.activated .title:after";s:5:"color";s:7:"#669900";s:10:"background";s:0:"";s:6:"border";s:0:"";}s:18:"_1495797171555_555";a:5:{s:5:"title";s:34:"Megashop Furniture Tab item Before";s:8:"selector";s:67:".content_heading_furniture .megashop .magictabs .item .title:before";s:5:"color";s:0:"";s:10:"background";s:7:"#669900";s:6:"border";s:0:"";}s:18:"_1470109290452_452";a:5:{s:5:"title";s:38:"Megashop Tab Jewelry item active hover";s:8:"selector";s:45:".content_heading_jewelry .megashop .magictabs";s:5:"color";s:0:"";s:10:"background";s:0:"";s:6:"border";s:7:"#6c6856";}s:18:"_1495797213421_421";a:5:{s:5:"title";s:28:"Megashop  Jewelry Title Name";s:8:"selector";s:37:".content_heading_jewelry .megashop h3";s:5:"color";s:0:"";s:10:"background";s:7:"#6c6856";s:6:"border";s:0:"";}s:18:"_1470109291418_418";a:5:{s:5:"title";s:38:"Megashop Tab Jewelry item active hover";s:8:"selector";s:134:".content_heading_jewelry .megashop .magictabs .item:hover .title, .content_heading_jewelry .megashop .magictabs .item.activated .title";s:5:"color";s:7:"#6c6856";s:10:"background";s:16:"rgba(0, 0, 0, 0)";s:6:"border";s:0:"";}s:18:"_1495797223113_113";a:5:{s:5:"title";s:31:"Megashop Jewelry Tab item After";s:8:"selector";s:146:".content_heading_jewelry .megashop .magictabs .item:hover .title:after, .content_heading_jewelry .megashop .magictabs .item.activated .title:after";s:5:"color";s:7:"#6c6856";s:10:"background";s:0:"";s:6:"border";s:0:"";}s:18:"_1495797224227_227";a:5:{s:5:"title";s:32:"Megashop Jewelry Tab item Before";s:8:"selector";s:65:".content_heading_jewelry .megashop .magictabs .item .title:before";s:5:"color";s:0:"";s:10:"background";s:7:"#6c6856";s:6:"border";s:0:"";}}]]></value>
    </config>
    <config>
      <path>alodesign/footer/color</path>
      <value><![CDATA[a:15:{s:18:"_1460975745240_240";a:5:{s:5:"title";s:4:"Link";s:8:"selector";s:35:".footer .block-content-statick li a";s:5:"color";s:7:"#444444";s:10:"background";s:0:"";s:6:"border";s:0:"";}s:18:"_1460975746527_527";a:5:{s:5:"title";s:10:"Link-hover";s:8:"selector";s:41:".footer .block-content-statick li a:hover";s:5:"color";s:7:"#007176";s:10:"background";s:0:"";s:6:"border";s:0:"";}s:18:"_1460975747568_568";a:5:{s:5:"title";s:14:"Background Top";s:8:"selector";s:30:".page-footer .block-footer-top";s:5:"color";s:0:"";s:10:"background";s:7:"#eaeaea";s:6:"border";s:0:"";}s:18:"_1460975750427_427";a:5:{s:5:"title";s:17:"Background Bottom";s:8:"selector";s:33:".page-footer .block-footer-bottom";s:5:"color";s:0:"";s:10:"background";s:7:"#eaeaea";s:6:"border";s:0:"";}s:18:"_1460975754351_351";a:5:{s:5:"title";s:20:"Background Copyright";s:8:"selector";s:33:".page-footer .main-wrap-copyright";s:5:"color";s:0:"";s:10:"background";s:7:"#eaeaea";s:6:"border";s:0:"";}s:18:"_1460975759167_167";a:5:{s:5:"title";s:4:"Text";s:8:"selector";s:22:".footer .collapsible p";s:5:"color";s:7:"#444444";s:10:"background";s:0:"";s:6:"border";s:0:"";}s:17:"_1460975764064_64";a:5:{s:5:"title";s:14:"Subscribe Text";s:8:"selector";s:45:".footer .collapsible .form-subscribe-header p";s:5:"color";s:7:"#333333";s:10:"background";s:0:"";s:6:"border";s:0:"";}s:17:"_1460975765095_95";a:5:{s:5:"title";s:15:"Subscribe input";s:8:"selector";s:33:".block-subscribe input.input-text";s:5:"color";s:7:"#333333";s:10:"background";s:7:"#ffffff";s:6:"border";s:7:"#dddddd";}s:18:"_1460975766584_584";a:5:{s:5:"title";s:16:"Subscribe Button";s:8:"selector";s:39:".block-subscribe .actions button.button";s:5:"color";s:7:"#ffffff";s:10:"background";s:7:"#007176";s:6:"border";s:7:"#007176";}s:18:"_1460975767584_584";a:5:{s:5:"title";s:22:"Subscribe Button Hover";s:8:"selector";s:45:".block-subscribe .actions button.button:hover";s:5:"color";s:7:"#ffffff";s:10:"background";s:7:"#007176";s:6:"border";s:7:"#007176";}s:18:"_1461743869638_638";a:5:{s:5:"title";s:20:"company  link footer";s:8:"selector";s:22:".footer-menu-list li a";s:5:"color";s:7:"#0066cc";s:10:"background";s:0:"";s:6:"border";s:0:"";}s:18:"_1461743868518_518";a:5:{s:5:"title";s:26:"company  link footer hover";s:8:"selector";s:28:".footer-menu-list li a:hover";s:5:"color";s:7:"#007176";s:10:"background";s:0:"";s:6:"border";s:0:"";}s:17:"_1460976338029_29";a:5:{s:5:"title";s:14:"Copyright Text";s:8:"selector";s:33:".footer-copyright .copyright span";s:5:"color";s:7:"#333333";s:10:"background";s:0:"";s:6:"border";s:0:"";}s:18:"_1461745578874_874";a:5:{s:5:"title";s:9:"Backtotop";s:8:"selector";s:10:"#backtotop";s:5:"color";s:7:"#ffffff";s:10:"background";s:7:"#007176";s:6:"border";s:0:"";}s:18:"_1461745619738_738";a:5:{s:5:"title";s:15:"Backtotop hover";s:8:"selector";s:16:"#backtotop:hover";s:5:"color";s:7:"#ffffff";s:10:"background";s:7:"#444444";s:6:"border";s:0:"";}}]]></value>
    </config>
    <config>
      <path>magicmenu/general/dropdown</path>
      <value><![CDATA[7,62,93,94]]></value>
    </config>
    <config>
      <path>magicmenu/topmenu/switcher</path>
      <value><![CDATA[991]]></value>
    </config>
    <config>
      <path>magicmenu/topmenu/notIncludeNav</path>
      <value><![CDATA[62,73,81,82,83,84,85,86,87,88,89,91,92,93,94]]></value>
    </config>
    <config>
      <path>magicmenu/vmenu/enabled</path>
      <value><![CDATA[1]]></value>
    </config>
    <config>
      <path>magicmenu/vmenu/notIncludeNav</path>
      <value><![CDATA[3,6,7,8,9,93,94]]></value>
    </config>
    <config>
      <path>magicmenu/vmenu/demo</path>
      <value><![CDATA[0]]></value>
    </config>
    <config>
      <path>magicmenu/amenu/enabled</path>
      <value><![CDATA[1]]></value>
    </config>
    <config>
      <path>shopbrand/general/title</path>
      <value><![CDATA[Brand Showcase]]></value>
    </config>
    <config>
      <path>shopbrand/general/link</path>
      <value><![CDATA[1]]></value>
    </config>
    <config>
      <path>shopbrand/general/padding</path>
      <value><![CDATA[0]]></value>
    </config>
    <config>
      <path>shopbrand/general/desktop</path>
      <value><![CDATA[7]]></value>
    </config>
    <config>
      <path>shopbrand/general/visible</path>
      <value><![CDATA[8]]></value>
    </config>
    <config>
      <path>shopbrand/general/arrows</path>
      <value><![CDATA[true]]></value>
    </config>
    <config>
      <path>shopbrand/general/margin</path>
      <value><![CDATA[30]]></value>
    </config>
    <config>
      <path>shopbrand/product/slide</path>
      <value><![CDATA[1]]></value>
    </config>
    <config>
      <path>shopbrand/product/autoplay</path>
      <value><![CDATA[false]]></value>
    </config>
    <config>
      <path>shopbrand/product/rows</path>
      <value><![CDATA[2]]></value>
    </config>
    <config>
      <path>shopbrand/product/portrait</path>
      <value><![CDATA[1]]></value>
    </config>
    <config>
      <path>shopbrand/product/landscape</path>
      <value><![CDATA[2]]></value>
    </config>
    <config>
      <path>shopbrand/product/visible</path>
      <value><![CDATA[4]]></value>
    </config>
    <config>
      <path>shopbrand/product/margin</path>
      <value><![CDATA[15]]></value>
    </config>
    <config>
      <path>shopbrand/product/arrows</path>
      <value><![CDATA[true]]></value>
    </config>
    <config>
      <path>testimonial/general/dots</path>
      <value><![CDATA[true]]></value>
    </config>
    <config>
      <path>testimonial/general/padding</path>
      <value><![CDATA[0]]></value>
    </config>
    <config>
      <path>testimonial/general/portrait</path>
      <value><![CDATA[1]]></value>
    </config>
    <config>
      <path>testimonial/general/landscape</path>
      <value><![CDATA[1]]></value>
    </config>
    <config>
      <path>testimonial/general/tablet</path>
      <value><![CDATA[1]]></value>
    </config>
    <config>
      <path>testimonial/general/notebook</path>
      <value><![CDATA[1]]></value>
    </config>
    <config>
      <path>testimonial/general/desktop</path>
      <value><![CDATA[1]]></value>
    </config>
    <config>
      <path>testimonial/general/visible</path>
      <value><![CDATA[1]]></value>
    </config>
    <config>
      <path>testimonial/general/arrows</path>
      <value><![CDATA[false]]></value>
    </config>
    <config>
      <path>testimonial/general/margin</path>
      <value><![CDATA[30]]></value>
    </config>
    <config>
      <path>web/default/front</path>
      <value>cms</value>
    </config>
    <config>
      <path>web/default/cms_home_page</path>
      <value>demo6</value>
    </config>
    <config>
      <path>web/default/cms_no_route</path>
      <value>404-not-found</value>
    </config>
  </system>
  <theme>Alothemes/kuteshop6</theme>
</root>
