<?xml version="1.0"?>
<!-- /**
 * Magiccart 
 * @category    Magiccart 
 * @copyright   Copyright (c) 2014 Magiccart (http://www.magiccart.net/) 
 * @license     http://www.magiccart.net/license-agreement.html
 * @Author: DOng NGuyen<nguyen@dvn.com>
 * @@Create Date: 2018-05-16 16:59:34
 * @@Modify Date: 2018-05-16 17:17:02
 * @@Function:
 */ -->
 
<config xmlns:xsi="http://www.w3.org/2001/XMLSchema-instance" xsi:noNamespaceSchemaLocation="urn:magento:framework:Acl/etc/acl.xsd">
	<acl>
	    <resources>
	        <resource id="Magento_Backend::admin">
	        	<resource id="Magiccart_Lookbook::magiccart" title="Magiccart" sortOrder="10">
	        	    <resource id="Magiccart_Lookbook::lookbook" title="Lookbook" sortOrder="10">
	        	        <resource id="Magiccart_Lookbook::lookbook_lookbook" title="Lookbook" sortOrder="10" />
	        	    </resource>
	        	</resource>
	            <resource id="Magento_Backend::stores">
	                <resource id="Magento_Backend::stores_settings">
	                    <resource id="Magento_Config::config">
	                        <resource id="Magiccart_Lookbook::config_lookbook" title="Lookbook" />
	                    </resource>
	                </resource>
	            </resource>
	        </resource>
	    </resources>
	</acl>
</config>
