<?xml version="1.0" encoding="UTF-8"?>
<root>
  <block>
    <item>
      <title><![CDATA[Login fb]]></title>
      <identifier><![CDATA[login-fb]]></identifier>
      <content><![CDATA[<p><a class="btn-fb-login" href="#">Login fb</a></p>]]></content>
      <is_active><![CDATA[1]]></is_active>
    </item>
    <item>
      <title><![CDATA[Promotion Header]]></title>
      <identifier><![CDATA[promotion-header]]></identifier>
      <content><![CDATA[<div class="row top-main-header">
	<div class="col-sm-12 col-md-3"><span class="hidden">hidden</span></div>
	<div class="col-sm-7 col-md-6">
		<ul class="main-header-top-link">
			<li><a href="#">Promotion</a></li>
			<li><a href="#">Payment</a></li>
			<li><a href="#">Shipping</a></li>
			<li><a href="#">Return</a></li>
			<li><a href="#">Call Us: +04 123456789</a></li>
		</ul>
	</div>
	<div class="col-sm-5 col-md-3">
		<div class="header-text"><i class="fa fa-info-circle"><span class="hidden">hidden</span></i>Buy 10 Product or $1000 Get Free Shipping</div>
	</div>
</div>]]></content>
      <is_active><![CDATA[1]]></is_active>
    </item>
    <item>
      <title><![CDATA[policy]]></title>
      <identifier><![CDATA[policy]]></identifier>
      <content><![CDATA[<div class="service ">
	<div class="container">
		<div class="row">
			<div class="col-xs-6 col-sm-3 service-item">
				<div class="icon"><img class="img-responsive" alt="services" src="{{media url="wysiwyg/alothemes/static/demo3/s1.png"}}" /></div>
				<div class="info">
					<h3>Free Shipping</h3>
					<span>On order over $200</span>
				</div>
			</div>
			<div class="col-xs-6 col-sm-3 service-item">
				<div class="icon"><img class="img-responsive" alt="services" src="{{media url="wysiwyg/alothemes/static/demo3/s2.png"}}" /></div>
				<div class="info">
					<h3>30-day return</h3>
					<span>Moneyback guarantee</span>
				</div>
			</div>
			<div class="col-xs-6 col-sm-3 service-item">
				<div class="icon"><img class="img-responsive" alt="services" src="{{media url="wysiwyg/alothemes/static/demo3/s3.png"}}" /></div>
				<div class="info">
					<h3>24/7 support</h3>
					<span>Online consultations</span>
				</div>
			</div>
			<div class="col-xs-6 col-sm-3 service-item">
				<div class="icon"><img class="img-responsive" alt="services" src="{{media url="wysiwyg/alothemes/static/demo3/s4.png"}}" /></div>
				<div class="info">
					<h3>SAFE SHOPPING</h3>
					<span>Safe Shopping Guarantee</span>
				</div>
			</div>
		</div>
	</div>
</div>]]></content>
      <is_active><![CDATA[1]]></is_active>
    </item>
    <item>
      <title><![CDATA[block-footer-top]]></title>
      <identifier><![CDATA[block-footer-top]]></identifier>
      <content><![CDATA[<div class="container">
<div class="row">
	<div class="col-sm-3">
		<div class="footer-logo"><a href="#"><img class="img-responsive" alt="logo" src="{{media url="wysiwyg/alothemes/static/demo3/logo3.png"}}" /></a></div>
	</div>
	<div class="col-sm-6">
		<div class="footer-menu">
			<ul>
				<li><a href="#">About Us</a></li>
				<li><a href="#">Affiliates</a></li>
				<li><a href="#">Careers</a></li>
				<li><a href="#">Privacy Policy</a></li>
				<li><a href="#">Terms of Use</a></li>
				<li><a href="#">Contact Us</a></li>
			</ul>
		</div>
	</div>
	<div class="col-sm-3">
		<div class="footer-social">
			<ul class="list-inline">
				<li><a class="social-link facebook" href="#"><i class="fa fa-facebook"><span class="hidden">facebook</span></i></a></li>
				<li><a class="social-link pinterest-p" href="#"><i class="fa fa-pinterest-p"><span class="hidden">pinterest</span></i></a></li>
				<li><a class="social-link vk" href="#"><i class="fa fa-vk"><span class="hidden">fa-vk</span></i></a></li>
				<li><a class="social-link twitter" href="#"><i class="fa fa-twitter"><span class="hidden">twitter</span></i></a></li>
				<li><a class="social-link google-plus" href="#"><i class="fa fa-google-plus"><span class="hidden">google-plus</span></i></a></li>
			</ul>
		</div>
	</div>
</div>
</div>]]></content>
      <is_active><![CDATA[1]]></is_active>
    </item>
    <item>
      <title><![CDATA[block-footer-bottom]]></title>
      <identifier><![CDATA[block-footer-bottom]]></identifier>
      <content><![CDATA[<div class="footer-row footer-center">
	<div class="container">
		<h3>Sign up below for early updates</h3>
		<p>You a Client , large or small, and want to participate in this adventure, please send us an email to support@alothemes.com</p>
		<div class="block-newletter">{{block class="Magento\Newsletter\Block\Subscribe" template="subscribe.phtml"}}</div>
	</div>
</div>
<div class="footer-row">
	<div class="container">
		<div class="row">
			<div class="col-lg-3 col-md-3 col-sm-3 col-mobile-12 col-xs-6">
				<div class="collapsible mobile-collapsible">
				<h3 class="block-title heading">Infomation</h3>
				<span class="toggle-tab mobile" style="display: none;"><span class="hidden">facebook</span></span>
					<div class="block1 block-content-statick toggle-content">
						<ul class="address-list">
							<li class="feature-icon location first">
							<p class="no-margin"><span class="tit-contain">2046 Blue Spruce Lane Laurel, tetxac, Orton Tolanto, Canada</span></p>
							</li>
							<li class="feature-icon phone">
							<p><span class="tit-contain">0200 410-369-3920</span></p>
							</li>
							<li class="feature-icon email">
							<p><a class="tit-contain" href="#">support@alothemes.com</a></p>
							</li>
							<li class="feature-icon mobile last">
							<p><span class="tit-contain">Hotline: 090 999 8686</span></p>
							</li>
						</ul>
					</div>
				</div>
			</div>
			<div class="col-lg-3 col-md-3 col-sm-3  col-mobile-12 col-xs-6">
				<div class="collapsible mobile-collapsible">
				<h3 class="block-title heading">Company</h3>
				<span class="toggle-tab mobile" style="display: none;"><span class="hidden">facebook</span></span>
					<div class="block-content block-content-statick toggle-content">
						<ul class="bullet">
							<li><a href="#">About Us</a></li>
							<li><a href="#">Testimonials</a></li>
							<li><a href="#">Affiliate Program</a></li>
							<li><a href="#">Terms &amp; Conditions</a></li>
							<li><a href="#">Contact Us</a></li>
						</ul>
					</div>
				</div>
			</div>
			<div class="col-lg-3 col-md-3 col-sm-3  col-mobile-12 col-xs-6">
				<div class="collapsible mobile-collapsible">
				<h3 class="block-title heading">My Account</h3>
				<span class="toggle-tab mobile" style="display: none;"><span class="hidden">facebook</span></span>
					<div class="block-content block-content-statick toggle-content">
						<ul class="bullet">
							<li><a href="#">My Orders</a></li>
							<li><a href="#">My Credit Slips</a></li>
							<li><a href="#">My Addresses</a></li>
							<li><a href="#">My Personal Info</a></li>
							<li><a href="#">Specials</a></li>
						</ul>
					</div>
				</div>
			</div>
			<div class="col-lg-3 col-md-3 col-sm-3 col-mobile-12 col-xs-6">
				<div class="collapsible mobile-collapsible">
				<h3 class="block-title heading">Support</h3>
				<span class="toggle-tab mobile" style="display: none;"><span class="hidden">facebook</span></span>
					<div class="block-content block-content-statick toggle-content">
						<ul class="bullet">
							<li><a href="#">Payments &amp; My Vouchers</a></li>
							<li><a href="#">Saved Cards</a></li>
							<li><a href="#">Shipping Free</a></li>
							<li><a href="#">Cancellation &amp; Returns</a></li>
							<li><a href="#">FAQ &amp; Support Online</a></li>
						</ul>
					</div>
				</div>
			</div>
		</div>
	</div>
</div>]]></content>
      <is_active><![CDATA[1]]></is_active>
    </item>
    <item>
      <title><![CDATA[payment-logo]]></title>
      <identifier><![CDATA[payment-logo]]></identifier>
      <content><![CDATA[<div class="footer-payment-logo"><img alt="" src="{{media url="wysiwyg/alothemes/static/payment-logo.png"}}" /></div>]]></content>
      <is_active><![CDATA[1]]></is_active>
    </item>
    <item>
      <title><![CDATA[home slide3]]></title>
      <identifier><![CDATA[home-slide3]]></identifier>
      <content><![CDATA[<div class="container">
	<div class="row">
		<div class="col-sm-3 slider-left"><span class="hidden">hidden</span></div>
		<div class="col-sm-9 header-top-right">
			<div class="header-top-right-wapper">
				<div class="slide-home homeslider alo-magicslider">{{widget type="Magiccart\Magicslider\Block\Widget\Slider" identifier="slide3" class="home-slider" template="magicslider.phtml"}}</div>
				<div class="header-banner">
					<div class="trending">
						<h2 class="trending-title">trending</h2>
						<div class="trending-product">
							{{widget type="Magiccart\Magicproduct\Block\Widget\Product" identifier="trending" template="product.phtml"}}
						</div>
					</div>
				</div>
			</div>
		</div>
	</div>
</div>]]></content>
      <is_active><![CDATA[1]]></is_active>
    </item>
    <item>
      <title><![CDATA[product-view-left-custom-block]]></title>
      <identifier><![CDATA[product-view-left-custom-block]]></identifier>
      <content><![CDATA[<div class="block product-view-left-custom-block">
	<div class="banner-opacity">
		<img class="img-responsive hot-cate-img" alt="icon money" src="{{media url="wysiwyg/alothemes/static/icon-money.png"}}" />
		<h2>100% Money Back</h2>
		<h2>Guaranteed</h2>
		<p>Lorem ipsum dolor sit amet conse ctetur adipisicing elit, sed do eiusmod tempor incididunt .</p>
		<a href="#">Read more <i class="fa fa-angle-double-right"><span class="hidden">more</span></i></a>
	</div>
</div>]]></content>
      <is_active><![CDATA[1]]></is_active>
    </item>
    <item>
      <title><![CDATA[Support]]></title>
      <identifier><![CDATA[support]]></identifier>
      <content><![CDATA[<div class="support-link"><a href="#">Services</a> <a href="#">Support</a></div>]]></content>
      <is_active><![CDATA[1]]></is_active>
    </item>
    <item>
      <title><![CDATA[banner sidebar category view]]></title>
      <identifier><![CDATA[banner-sidebar-category-view]]></identifier>
      <content><![CDATA[<div class="home-slider banner-sidebar-category ">
	<div class="item-banner"><img src="{{media url=&quot;wysiwyg/alothemes/static/slide-left.jpg&quot;}}" alt="" /></div>
	<div class="item-banner"><img src="{{media url=&quot;wysiwyg/alothemes/static/slide-left2.jpg&quot;}}" alt="" /></div>
	<div class="item-banner"><img src="{{media url=&quot;wysiwyg/alothemes/static/slide-left3.png&quot;}}" alt="" /></div>
</div>]]></content>
      <is_active><![CDATA[0]]></is_active>
    </item>
    <item>
      <title><![CDATA[Testimonial Sidebar Category View]]></title>
      <identifier><![CDATA[testimonial-sidebar-category-view]]></identifier>
      <content><![CDATA[{{widget type="Magiccart\Testimonial\Block\Widget\Testimonial" template="testimonial.phtml"}}]]></content>
      <is_active><![CDATA[0]]></is_active>
    </item>
    <item>
      <title><![CDATA[Category View Left Custom Block]]></title>
      <identifier><![CDATA[category-view-left-custom-block]]></identifier>
      <content><![CDATA[<!-- Slide left category -->
<div class="home-slider autoplay" data-slides-to-show="1" data-slides-to-scroll="1" data-fade="true" data-dots="true" data-arrows="false" data-easing="linear" data-autoplay="true" >
	<div class="item"> 
		<a href="#"> <img class="img-responsive" src="{{media url="wysiwyg/alothemes/static/slide-left.jpg"}}" alt="magicslider" /></a>
	</div>
	<div class="item"> 
		<a href="#"><img class="img-responsive" src="{{media url="wysiwyg/alothemes/static/slide-left2.jpg"}}" alt="magicslider" /></a>
	</div>
	<div class="item"> 
		<a href="#"><img class="img-responsive" src="{{media url="wysiwyg/alothemes/static/slide-left3.png"}}" alt="magicslider" /></a>
	</div>
</div>
<!-- Product custom -->
<div class="block block-custom-product">
        {{widget type="Magiccart\Magicproduct\Block\Widget\Product" identifier="custom-product-left" template="productcustom.phtml"}}
</div>
<!-- Testimonials -->
<div class="block block-testimonial">
        <div class="testimonials">
         {{widget type="Magiccart\Testimonial\Block\Widget\Testimonial" template="testimonial.phtml"}}
         </div>
</div>]]></content>
      <is_active><![CDATA[1]]></is_active>
    </item>
    <item>
      <title><![CDATA[Slide Category]]></title>
      <identifier><![CDATA[slide-category]]></identifier>
      <content><![CDATA[<div class="home-slider autoplay" data-slides-to-show="1" data-slides-to-scroll="1" data-fade="true" data-dots="false" data-arrows="true" data-easing="linear" data-autoplay="false" >
	<div class="item"> 
		<a href="#"> <img class="img-responsive" src="{{media url="wysiwyg/alothemes/static/category-slide.jpg"}}" alt="magicslider" /></a>
	</div>
	<div class="item"> 
		<a href="#"><img class="img-responsive" src="{{media url="wysiwyg/alothemes/static/category-slide2.jpg"}}" alt="magicslider" /></a>
	</div>
</div>]]></content>
      <is_active><![CDATA[1]]></is_active>
    </item>
    <item>
      <title><![CDATA[newsletter_popup]]></title>
      <identifier><![CDATA[newsletter_popup]]></identifier>
      <content><![CDATA[<div class="block-content">
	<div class="form-subscribe-header block-title">
        <label for="newsletter-popup">signup for our newsletter & promotions</label>
    </div>
	<h2 class="promotions promotions1">Get</h2>
    <h2 class="promotions promotions2">50%<span class="off">Off</span></h2>
    <h3>on your next purchase</h3>
	<div class="subcribe-box newsletter-new clearfix">
		<div class="field newsletter input-box">
			<div class="control">
				<input name="email" type="email" id="newsletter-popup" class="input-text"
							placeholder="Enter your email address"
							data-validate="{required:true, 'validate-email':true}"/>
			</div>
		</div>
		<div class="actions">
			<button class="action subscribe button" title="Subscribe" type="submit">
				<span>Subscribe</span>
			</button>
		</div>
	</div>
    <div class="subscribe-bottom">
        <input type="checkbox" />Don’t show this popup again
    </div>
</div>]]></content>
      <is_active><![CDATA[1]]></is_active>
    </item>
    <item>
      <title><![CDATA[Banner Top Menu (Sports)]]></title>
      <identifier><![CDATA[banner-top-menu]]></identifier>
      <content><![CDATA[<div class="banner-top-menu"><img class="img-responsive" alt="" src="{{media url="wysiwyg/alothemes/static/banner-topmenu.jpg"}}" /></div>]]></content>
      <is_active><![CDATA[1]]></is_active>
    </item>
    <item>
      <title><![CDATA[Menu Vertical Custom html]]></title>
      <identifier><![CDATA[vertical-custom-html]]></identifier>
      <content><![CDATA[<div class="mega-custom-html"><a href="#"><img alt="" src="{{media url="wysiwyg/alothemes/static/banner-megamenu.jpg"}}" /></a></div>]]></content>
      <is_active><![CDATA[1]]></is_active>
    </item>
  </block>
</root>
