<?xml version="1.0" encoding="UTF-8"?>
<root>
  <magicslider>
    <item>
      <title><![CDATA[Slide Demo 1]]></title>
      <identifier><![CDATA[slide]]></identifier>
      <config><![CDATA[{"magicslider_id":"1","title":"Slide Demo 1","status":"1","mobile":"1","portrait":"1","landscape":"1","tablet":"1","notebook":"1","laptop":"1","desktop":"1","widescreen":"1","visible":"1","vertical":"false","infinite":"true","autoplay":"true","arrows":"true","dots":"true","rows":"1","speed":"600","autoplay-Speed":"6000","padding":"0","media_gallery":{"images":{"ub2jbsqa4m6":{"position":"1","media_type":"image","video_provider":"","file":"\/s\/l\/slide1.jpg","value_id":"","label":"Alotheme Kuteshop","link":"alothemes.com\/","caption":"","disabled":"0","removed":"","video_url":"","video_title":"","video_description":"","video_metadata":"","role":""},"t895qm3bbv7":{"position":"2","media_type":"image","video_provider":"","file":"\/s\/l\/slide1_1.jpg","value_id":"","label":"Alotheme Kuteshop","link":"alothemes.com\/","caption":"","disabled":"0","removed":"","video_url":"","video_title":"","video_description":"","video_metadata":"","role":""},"i89003hqhgb":{"position":"3","media_type":"image","video_provider":"","file":"\/s\/l\/slide1_2.jpg","value_id":"","label":"Alotheme kuteshop","link":"alothemes.com\/","caption":"","disabled":"0","removed":"","video_url":"","video_title":"","video_description":"","video_metadata":"","role":""}}}}]]></config>
      <status><![CDATA[1]]></status>
    </item>
    <item>
      <title><![CDATA[Slide Demo 2]]></title>
      <identifier><![CDATA[slide2]]></identifier>
      <config><![CDATA[{"magicslider_id":"2","title":"Slide Demo 2","status":"1","mobile":"1","portrait":"1","landscape":"1","tablet":"1","notebook":"1","laptop":"1","desktop":"1","widescreen":"1","visible":"1","vertical":"false","infinite":"true","autoplay":"true","arrows":"true","dots":"true","rows":"1","speed":"600","autoplay-Speed":"6000","padding":"0","media_gallery":{"images":{"04psb9893bee":{"position":"1","media_type":"image","video_provider":"","file":"\/s\/l\/slide-demo2.jpg","value_id":"","label":"Alotheme kuteshop","link":"alothemes.com\/","caption":"<div class=\"container figcaption\">\r\n\t\t\t\t\t\t<div class=\"text-slide\">\r\n\t\t\t\t\t\t\t<h3 class=\"caption1 orange\">Sunblock<\/h3>\r\n\t\t\t\t\t\t\t<h3 class=\"caption2 black\">healthy skin<\/h3>\r\n\t\t\t\t\t\t\t<h3 class=\"caption3 black\">even under the sun<\/h3>\r\n\t\t\t\t\t\t<\/div>\r\n\t\t\t\t\t<\/div>","disabled":"0","removed":"","video_url":"","video_title":"","video_description":"","video_metadata":"","role":""},"attfjgbqu2t":{"position":"2","media_type":"image","video_provider":"","file":"\/s\/l\/slide-demo2_1.jpg","value_id":"","label":"Alotheme Kuteshop","link":"alothemes.com\/","caption":"<div class=\"container figcaption\">\r\n\t\t\t\t\t\t<div class=\"text-slide text-slide2\">\r\n\t\t\t\t\t\t\t<h3 class=\"caption1 orange\">Sunblock<\/h3>\r\n\t\t\t\t\t\t\t<h3 class=\"caption2 black\">healthy skin<\/h3>\r\n\t\t\t\t\t\t\t<h3 class=\"caption3 black\">even under the sun<\/h3>\r\n\t\t\t\t\t\t<\/div>\r\n\t\t\t\t\t<\/div>","disabled":"0","removed":"","video_url":"","video_title":"","video_description":"","video_metadata":"","role":""},"spw8gs7lt7i":{"position":"3","media_type":"image","video_provider":"","file":"\/s\/l\/slide-demo2_2.jpg","value_id":"","label":"Alotheme Kuteshop","link":"alothemes.com\/","caption":"<div class=\"container figcaption\">\r\n\t\t\t\t\t\t<div class=\"text-slide text-slide3\">\r\n\t\t\t\t\t\t\t<h3 class=\"caption1 orange\">Sunblock<\/h3>\r\n\t\t\t\t\t\t\t<h3 class=\"caption2 black\">healthy skin<\/h3>\r\n\t\t\t\t\t\t\t<h3 class=\"caption3 black\">even under the sun<\/h3>\r\n\t\t\t\t\t\t<\/div>\r\n\t\t\t\t\t<\/div>","disabled":"0","removed":"","video_url":"","video_title":"","video_description":"","video_metadata":"","role":""}}}}]]></config>
      <status><![CDATA[1]]></status>
    </item>
    <item>
      <title><![CDATA[Slide Demo 3]]></title>
      <identifier><![CDATA[slide3]]></identifier>
      <config><![CDATA[{"magicslider_id":"3","title":"Slide Demo 3","status":"1","mobile":"1","portrait":"1","landscape":"1","tablet":"1","notebook":"1","laptop":"1","desktop":"1","widescreen":"1","visible":"1","vertical":"false","infinite":"true","autoplay":"true","arrows":"true","dots":"false","rows":"1","speed":"300","autoplay-Speed":"3000","padding":"0","media_gallery":{"images":{"2609rd3g1cbc":{"position":"1","media_type":"image","video_provider":"","file":"\/s\/l\/slidev3_01.jpg","value_id":"","label":"Alotheme Kuteshop","link":"alothemes.com\/","caption":"","disabled":"0","removed":"","video_url":"","video_title":"","video_description":"","video_metadata":"","role":""},"1n7iin3m3ou":{"position":"2","media_type":"image","video_provider":"","file":"\/s\/l\/slidev3_02.jpg","value_id":"","label":"Alotheme Kuteshop","link":"alothemes.com\/","caption":"","disabled":"0","removed":"","video_url":"","video_title":"","video_description":"","video_metadata":"","role":""},"tdu3kssh3gf":{"position":"3","media_type":"image","video_provider":"","file":"\/s\/l\/slidev3_03.jpg","value_id":"","label":"Alotheme Kuteshop","link":"alothemes.com\/","caption":"","disabled":"0","removed":"","video_url":"","video_title":"","video_description":"","video_metadata":"","role":""}}}}]]></config>
      <status><![CDATA[1]]></status>
    </item>
    <item>
      <title><![CDATA[Slide Demo 4]]></title>
      <identifier><![CDATA[slide4]]></identifier>
      <config><![CDATA[{"magicslider_id":"4","title":"Slide Demo 4","status":"1","mobile":"1","portrait":"1","landscape":"1","tablet":"1","notebook":"1","laptop":"1","desktop":"1","widescreen":"1","visible":"1","vertical":"false","infinite":"true","autoplay":"true","arrows":"true","dots":"true","rows":"1","speed":"600","autoplay-Speed":"6000","padding":"0","media_gallery":{"images":{"92v90plda8s":{"position":"1","media_type":"image","video_provider":"","file":"\/h\/o\/homev4_01.jpg","value_id":"","label":"Alotheme Kuteshop","link":"alothemes.com\/","caption":"","disabled":"0","removed":"","video_url":"","video_title":"","video_description":"","video_metadata":"","role":""},"lp96hep3rbq":{"position":"2","media_type":"image","video_provider":"","file":"\/h\/o\/homev4_02.jpg","value_id":"","label":"Alotheme Kuteshop","link":"alothemes.com\/","caption":"","disabled":"0","removed":"","video_url":"","video_title":"","video_description":"","video_metadata":"","role":""},"wh5ufjdsdf7":{"position":"3","media_type":"image","video_provider":"","file":"\/h\/o\/homev4_03.jpg","value_id":"","label":"Alotheme Kuteshop","link":"alothemes.com\/","caption":"","disabled":"0","removed":"","video_url":"","video_title":"","video_description":"","video_metadata":"","role":""}}}}]]></config>
      <status><![CDATA[1]]></status>
    </item>
    <item>
      <title><![CDATA[Slide Demo 5]]></title>
      <identifier><![CDATA[slide5]]></identifier>
      <config><![CDATA[{"magicslider_id":"5","title":"Slide Demo 5","status":"1","mobile":"1","portrait":"1","landscape":"1","tablet":"1","notebook":"1","laptop":"1","desktop":"1","widescreen":"1","visible":"1","vertical":"false","infinite":"true","autoplay":"true","arrows":"true","dots":"true","rows":"1","speed":"600","autoplay-Speed":"6000","padding":"0","media_gallery":{"images":{"0d4vcrot9acv":{"position":"1","media_type":"image","video_provider":"","file":"\/s\/l\/slide-demo5.jpg","value_id":"","label":"AloTheme Kuteshop","link":"alothemes.com\/","caption":"","disabled":"0","removed":"","video_url":"","video_title":"","video_description":"","video_metadata":"","role":""},"wl7n6cpobit":{"position":"2","media_type":"image","video_provider":"","file":"\/s\/l\/slide-demo5_1.jpg","value_id":"","label":"Alotheme Kuteshop","link":"alothemes.com\/","caption":"","disabled":"0","removed":"","video_url":"","video_title":"","video_description":"","video_metadata":"","role":""},"v6toa9ntmg":{"position":"3","media_type":"image","video_provider":"","file":"\/s\/l\/slide-demo5_2.jpg","value_id":"","label":"Alotheme Kuteshop","link":"alothemes.com\/","caption":"","disabled":"0","removed":"","video_url":"","video_title":"","video_description":"","video_metadata":"","role":""}}}}]]></config>
      <status><![CDATA[1]]></status>
    </item>
    <item>
      <title><![CDATA[Slide Demo 6]]></title>
      <identifier><![CDATA[slide6]]></identifier>
      <config><![CDATA[{"magicslider_id":"6","title":"Slide Demo 6","status":"1","mobile":"1","portrait":"1","landscape":"1","tablet":"1","notebook":"1","laptop":"1","desktop":"1","widescreen":"1","visible":"1","vertical":"false","infinite":"true","autoplay":"true","arrows":"true","dots":"true","rows":"1","speed":"600","autoplay-Speed":"6000","padding":"0","media_gallery":{"images":{"cbb664lfnpv":{"position":"1","media_type":"image","video_provider":"","file":"\/s\/l\/slide-demo6.jpg","value_id":"","label":"Alotheme Kuteshop","link":"alothemes.com\/","caption":"","disabled":"0","removed":"","video_url":"","video_title":"","video_description":"","video_metadata":"","role":""},"js6wd7g6e87":{"position":"2","media_type":"image","video_provider":"","file":"\/s\/l\/slide-demo6_1.jpg","value_id":"","label":"Alotheme Kuteshop","link":"alothemes.com\/","caption":"","disabled":"0","removed":"","video_url":"","video_title":"","video_description":"","video_metadata":"","role":""},"jrmv9qcea89":{"position":"3","media_type":"image","video_provider":"","file":"\/s\/l\/slide-demo6_2.jpg","value_id":"","label":"Alotheme Kuteshop","link":"alothemes.com\/","caption":"","disabled":"0","removed":"","video_url":"","video_title":"","video_description":"","video_metadata":"","role":""}}}}]]></config>
      <status><![CDATA[1]]></status>
    </item>
    <item>
      <title><![CDATA[Slide Demo 7]]></title>
      <identifier><![CDATA[slide7]]></identifier>
      <config><![CDATA[{"magicslider_id":"7","title":"Slide Demo 7","status":"1","mobile":"1","portrait":"1","landscape":"1","tablet":"1","notebook":"1","laptop":"1","desktop":"1","widescreen":"1","visible":"1","vertical":"false","infinite":"true","autoplay":"true","arrows":"true","dots":"true","rows":"1","speed":"300","autoplay-Speed":"3000","padding":"0","media_gallery":{"images":{"mmavng0dr8j":{"position":"1","media_type":"image","video_provider":"","file":"\/s\/l\/slide-demo7.jpg","value_id":"","label":"Alotheme Kuteshop","link":"alothemes.com\/","caption":"","disabled":"0","removed":"","video_url":"","video_title":"","video_description":"","video_metadata":"","role":""},"bkqukjpg0t8":{"position":"2","media_type":"image","video_provider":"","file":"\/s\/l\/slide-demo7_1.jpg","value_id":"","label":"Alotheme Kuteshop","link":"alothemes.com\/","caption":"","disabled":"0","removed":"","video_url":"","video_title":"","video_description":"","video_metadata":"","role":""},"ai29s3qn2v":{"position":"3","media_type":"image","video_provider":"","file":"\/s\/l\/slide-demo7_2.jpg","value_id":"","label":"Alotheme Kuteshop","link":"alothemes.com\/","caption":"","disabled":"0","removed":"","video_url":"","video_title":"","video_description":"","video_metadata":"","role":""}}}}]]></config>
      <status><![CDATA[1]]></status>
    </item>
  </magicslider>
</root>
