<?xml version="1.0" encoding="UTF-8"?>
<root>
  <magicproduct>
    <item>
      <title><![CDATA[Trending]]></title>
      <identifier><![CDATA[trending]]></identifier>
      <type_id><![CDATA[1]]></type_id>
      <config><![CDATA[a:34:{s:8:"form_key";s:16:"uSJg6sEJ1zUNrM0g";s:15:"magicproduct_id";s:1:"1";s:9:"countdown";s:0:"";s:5:"title";s:8:"Trending";s:4:"ajax";s:1:"1";s:5:"types";a:1:{i:0;s:8:"featured";}s:9:"activated";s:8:"featured";s:5:"limit";s:1:"6";s:6:"status";s:1:"1";s:10:"parameters";a:1:{s:10:"conditions";a:1:{i:1;a:4:{s:4:"type";s:50:"Magento\CatalogWidget\Model\Rule\Condition\Combine";s:10:"aggregator";s:3:"all";s:5:"value";s:1:"1";s:9:"new_child";s:0:"";}}}s:6:"mobile";s:1:"1";s:8:"portrait";s:1:"1";s:9:"landscape";s:1:"1";s:6:"tablet";s:1:"1";s:8:"notebook";s:1:"1";s:6:"laptop";s:1:"1";s:7:"desktop";s:1:"1";s:10:"widescreen";s:1:"1";s:7:"visible";s:1:"1";s:5:"timer";s:1:"0";s:5:"slide";s:1:"1";s:8:"vertical";s:5:"false";s:8:"infinite";s:4:"true";s:8:"autoplay";s:5:"false";s:6:"arrows";s:4:"true";s:4:"dots";s:5:"false";s:4:"rows";s:1:"2";s:5:"speed";s:3:"300";s:14:"autoplay-Speed";s:4:"3000";s:7:"padding";s:1:"0";s:4:"cart";s:1:"0";s:7:"compare";s:1:"0";s:8:"wishlist";s:1:"0";s:6:"review";s:1:"0";}]]></config>
      <status><![CDATA[1]]></status>
    </item>
    <item>
      <title><![CDATA[New Arrivals In]]></title>
      <identifier><![CDATA[new-arrivals-in]]></identifier>
      <type_id><![CDATA[2]]></type_id>
      <config><![CDATA[a:34:{s:9:"countdown";s:0:"";s:5:"title";s:15:"New Arrivals In";s:5:"image";s:58:"magiccart/magicproduct/category//b/a/banner-promotion1.jpg";s:4:"ajax";s:1:"1";s:5:"types";s:3:"new";s:5:"limit";s:2:"10";s:6:"status";s:1:"1";s:10:"parameters";a:1:{s:10:"conditions";a:1:{i:1;a:4:{s:4:"type";s:50:"Magento\CatalogWidget\Model\Rule\Condition\Combine";s:10:"aggregator";s:3:"all";s:5:"value";s:1:"1";s:9:"new_child";s:0:"";}}}s:12:"category_ids";a:6:{i:0;s:1:"0";i:1;s:1:"3";i:2;s:1:"4";i:3;s:2:"34";i:4;s:2:"40";i:5;s:2:"46";}s:9:"activated";s:1:"3";s:6:"mobile";s:1:"1";s:8:"portrait";s:1:"1";s:9:"landscape";s:1:"2";s:6:"tablet";s:1:"3";s:8:"notebook";s:1:"4";s:6:"laptop";s:1:"4";s:7:"desktop";s:1:"4";s:10:"widescreen";s:1:"4";s:7:"visible";s:1:"4";s:5:"timer";s:1:"0";s:5:"slide";s:1:"1";s:8:"vertical";s:5:"false";s:8:"infinite";s:4:"true";s:8:"autoplay";s:5:"false";s:6:"arrows";s:4:"true";s:4:"dots";s:5:"false";s:4:"rows";s:1:"1";s:5:"speed";s:3:"300";s:14:"autoplay-Speed";s:4:"3000";s:7:"padding";s:1:"5";s:4:"cart";s:1:"1";s:7:"compare";s:1:"1";s:8:"wishlist";s:1:"1";s:6:"review";s:1:"1";}]]></config>
      <status><![CDATA[1]]></status>
    </item>
    <item>
      <title><![CDATA[Special Products]]></title>
      <identifier><![CDATA[special-products]]></identifier>
      <type_id><![CDATA[2]]></type_id>
      <config><![CDATA[a:34:{s:9:"countdown";s:0:"";s:5:"title";s:16:"Special Products";s:5:"image";s:58:"magiccart/magicproduct/category//b/a/banner-promotion3.jpg";s:4:"ajax";s:1:"1";s:5:"types";s:6:"latest";s:5:"limit";s:2:"10";s:6:"status";s:1:"1";s:10:"parameters";a:1:{s:10:"conditions";a:1:{i:1;a:4:{s:4:"type";s:50:"Magento\CatalogWidget\Model\Rule\Condition\Combine";s:10:"aggregator";s:3:"all";s:5:"value";s:1:"1";s:9:"new_child";s:0:"";}}}s:12:"category_ids";a:6:{i:0;s:1:"6";i:1;s:2:"10";i:2;s:2:"12";i:3;s:2:"17";i:4;s:2:"22";i:5;s:2:"30";}s:9:"activated";s:1:"6";s:6:"mobile";s:1:"1";s:8:"portrait";s:1:"1";s:9:"landscape";s:1:"2";s:6:"tablet";s:1:"3";s:8:"notebook";s:1:"4";s:6:"laptop";s:1:"4";s:7:"desktop";s:1:"4";s:10:"widescreen";s:1:"4";s:7:"visible";s:1:"4";s:5:"timer";s:1:"0";s:5:"slide";s:1:"1";s:8:"vertical";s:5:"false";s:8:"infinite";s:4:"true";s:8:"autoplay";s:5:"false";s:6:"arrows";s:4:"true";s:4:"dots";s:5:"false";s:4:"rows";s:1:"1";s:5:"speed";s:3:"300";s:14:"autoplay-Speed";s:4:"3000";s:7:"padding";s:1:"5";s:4:"cart";s:1:"1";s:7:"compare";s:1:"1";s:8:"wishlist";s:1:"1";s:6:"review";s:1:"1";}]]></config>
      <status><![CDATA[1]]></status>
    </item>
    <item>
      <title><![CDATA[Recommendation For You]]></title>
      <identifier><![CDATA[recommendation-for-you]]></identifier>
      <type_id><![CDATA[2]]></type_id>
      <config><![CDATA[a:34:{s:9:"countdown";s:0:"";s:5:"title";s:22:"Recommendation For You";s:5:"image";s:58:"magiccart/magicproduct/category//b/a/banner-promotion4.jpg";s:4:"ajax";s:1:"1";s:5:"types";s:8:"featured";s:5:"limit";s:2:"10";s:6:"status";s:1:"1";s:10:"parameters";a:1:{s:10:"conditions";a:1:{i:1;a:4:{s:4:"type";s:50:"Magento\CatalogWidget\Model\Rule\Condition\Combine";s:10:"aggregator";s:3:"all";s:5:"value";s:1:"1";s:9:"new_child";s:0:"";}}}s:12:"category_ids";a:5:{i:0;s:2:"93";i:1;s:3:"120";i:2;s:3:"121";i:3;s:3:"122";i:4;s:3:"123";}s:9:"activated";s:2:"93";s:6:"mobile";s:1:"1";s:8:"portrait";s:1:"1";s:9:"landscape";s:1:"2";s:6:"tablet";s:1:"3";s:8:"notebook";s:1:"4";s:6:"laptop";s:1:"4";s:7:"desktop";s:1:"4";s:10:"widescreen";s:1:"4";s:7:"visible";s:1:"4";s:5:"timer";s:1:"0";s:5:"slide";s:1:"1";s:8:"vertical";s:5:"false";s:8:"infinite";s:4:"true";s:8:"autoplay";s:5:"false";s:6:"arrows";s:4:"true";s:4:"dots";s:5:"false";s:4:"rows";s:1:"1";s:5:"speed";s:3:"300";s:14:"autoplay-Speed";s:4:"3000";s:7:"padding";s:1:"5";s:4:"cart";s:1:"1";s:7:"compare";s:1:"1";s:8:"wishlist";s:1:"1";s:6:"review";s:1:"1";}]]></config>
      <status><![CDATA[1]]></status>
    </item>
    <item>
      <title><![CDATA[Top sellers In]]></title>
      <identifier><![CDATA[top-sellers-in]]></identifier>
      <type_id><![CDATA[2]]></type_id>
      <config><![CDATA[a:34:{s:9:"countdown";s:0:"";s:5:"title";s:14:"Top sellers In";s:5:"image";s:58:"magiccart/magicproduct/category//b/a/banner-promotion2.jpg";s:4:"ajax";s:1:"1";s:5:"types";s:10:"bestseller";s:5:"limit";s:2:"10";s:6:"status";s:1:"1";s:10:"parameters";a:1:{s:10:"conditions";a:1:{i:1;a:4:{s:4:"type";s:50:"Magento\CatalogWidget\Model\Rule\Condition\Combine";s:10:"aggregator";s:3:"all";s:5:"value";s:1:"1";s:9:"new_child";s:0:"";}}}s:12:"category_ids";a:6:{i:0;s:1:"0";i:1;s:1:"3";i:2;s:1:"4";i:3;s:2:"34";i:4;s:2:"40";i:5;s:2:"46";}s:9:"activated";s:1:"4";s:6:"mobile";s:1:"1";s:8:"portrait";s:1:"1";s:9:"landscape";s:1:"2";s:6:"tablet";s:1:"3";s:8:"notebook";s:1:"4";s:6:"laptop";s:1:"4";s:7:"desktop";s:1:"4";s:10:"widescreen";s:1:"4";s:7:"visible";s:1:"4";s:5:"timer";s:1:"0";s:5:"slide";s:1:"1";s:8:"vertical";s:5:"false";s:8:"infinite";s:4:"true";s:8:"autoplay";s:5:"false";s:6:"arrows";s:4:"true";s:4:"dots";s:5:"false";s:4:"rows";s:1:"1";s:5:"speed";s:3:"300";s:14:"autoplay-Speed";s:4:"3000";s:7:"padding";s:1:"5";s:4:"cart";s:1:"1";s:7:"compare";s:1:"1";s:8:"wishlist";s:1:"1";s:6:"review";s:1:"1";}]]></config>
      <status><![CDATA[1]]></status>
    </item>
    <item>
      <title><![CDATA[Hot deals]]></title>
      <identifier><![CDATA[hot-deaals]]></identifier>
      <type_id><![CDATA[2]]></type_id>
      <config><![CDATA[a:33:{s:9:"countdown";s:16:"5/31/22 12:00 AM";s:5:"title";s:9:"Hot deals";s:4:"ajax";s:1:"1";s:5:"types";s:6:"latest";s:5:"limit";s:2:"10";s:6:"status";s:1:"1";s:10:"parameters";a:1:{s:10:"conditions";a:1:{i:1;a:4:{s:4:"type";s:50:"Magento\CatalogWidget\Model\Rule\Condition\Combine";s:10:"aggregator";s:3:"all";s:5:"value";s:1:"1";s:9:"new_child";s:0:"";}}}s:12:"category_ids";a:5:{i:0;s:2:"95";i:1;s:2:"96";i:2;s:2:"97";i:3;s:2:"98";i:4;s:2:"99";}s:9:"activated";s:2:"95";s:6:"mobile";s:1:"1";s:8:"portrait";s:1:"1";s:9:"landscape";s:1:"2";s:6:"tablet";s:1:"3";s:8:"notebook";s:1:"4";s:6:"laptop";s:1:"4";s:7:"desktop";s:1:"4";s:10:"widescreen";s:1:"4";s:7:"visible";s:1:"4";s:5:"timer";s:1:"1";s:5:"slide";s:1:"1";s:8:"vertical";s:5:"false";s:8:"infinite";s:4:"true";s:8:"autoplay";s:5:"false";s:6:"arrows";s:4:"true";s:4:"dots";s:5:"false";s:4:"rows";s:1:"1";s:5:"speed";s:3:"300";s:14:"autoplay-Speed";s:4:"3000";s:7:"padding";s:2:"15";s:4:"cart";s:1:"0";s:7:"compare";s:1:"0";s:8:"wishlist";s:1:"0";s:6:"review";s:1:"0";}]]></config>
      <status><![CDATA[1]]></status>
    </item>
    <item>
      <title><![CDATA[Custom Product Left Category]]></title>
      <identifier><![CDATA[custom-product-left]]></identifier>
      <type_id><![CDATA[1]]></type_id>
      <config><![CDATA[a:34:{s:8:"form_key";s:16:"uSJg6sEJ1zUNrM0g";s:15:"magicproduct_id";s:2:"11";s:9:"countdown";s:0:"";s:5:"title";s:28:"Custom Product Left Category";s:4:"ajax";s:1:"1";s:5:"types";a:1:{i:0;s:4:"sale";}s:9:"activated";s:4:"sale";s:5:"limit";s:1:"1";s:6:"status";s:1:"1";s:10:"parameters";a:1:{s:10:"conditions";a:1:{i:1;a:4:{s:4:"type";s:50:"Magento\CatalogWidget\Model\Rule\Condition\Combine";s:10:"aggregator";s:3:"all";s:5:"value";s:1:"1";s:9:"new_child";s:0:"";}}}s:6:"mobile";s:1:"1";s:8:"portrait";s:1:"1";s:9:"landscape";s:1:"1";s:6:"tablet";s:1:"1";s:8:"notebook";s:1:"1";s:6:"laptop";s:1:"1";s:7:"desktop";s:1:"1";s:10:"widescreen";s:1:"1";s:7:"visible";s:1:"1";s:5:"timer";s:1:"0";s:5:"slide";s:1:"0";s:8:"vertical";s:5:"false";s:8:"infinite";s:4:"true";s:8:"autoplay";s:5:"false";s:6:"arrows";s:5:"false";s:4:"dots";s:5:"false";s:4:"rows";s:1:"1";s:5:"speed";s:3:"300";s:14:"autoplay-Speed";s:4:"3000";s:7:"padding";s:1:"0";s:4:"cart";s:1:"1";s:7:"compare";s:1:"0";s:8:"wishlist";s:1:"0";s:6:"review";s:1:"0";}]]></config>
      <status><![CDATA[1]]></status>
    </item>
    <item>
      <title><![CDATA[Mega Shop Fashion]]></title>
      <identifier><![CDATA[mega-shop-fashion]]></identifier>
      <type_id><![CDATA[3]]></type_id>
      <config><![CDATA[a:35:{s:15:"magicproduct_id";s:2:"12";s:5:"title";s:17:"Mega Shop Fashion";s:5:"image";s:42:"magiccart/magicproduct/catalog//f/1/f1.jpg";s:4:"ajax";s:1:"1";s:5:"types";a:2:{i:0;s:10:"bestseller";i:1;s:6:"latest";}s:9:"activated";s:10:"bestseller";s:5:"limit";s:2:"12";s:6:"status";s:1:"1";s:10:"parameters";a:1:{s:10:"conditions";a:1:{i:1;a:4:{s:4:"type";s:50:"Magento\CatalogWidget\Model\Rule\Condition\Combine";s:10:"aggregator";s:3:"all";s:5:"value";s:1:"1";s:9:"new_child";s:0:"";}}}s:11:"category_id";s:1:"3";s:12:"category_ids";a:3:{i:0;s:1:"4";i:1;s:2:"40";i:2;s:2:"46";}s:6:"mobile";s:1:"1";s:8:"portrait";s:1:"1";s:9:"landscape";s:1:"2";s:6:"tablet";s:1:"3";s:8:"notebook";s:1:"4";s:6:"laptop";s:1:"4";s:7:"desktop";s:1:"4";s:10:"widescreen";s:1:"4";s:7:"visible";s:1:"4";s:5:"timer";s:1:"0";s:5:"slide";s:1:"1";s:8:"vertical";s:5:"false";s:8:"infinite";s:4:"true";s:8:"autoplay";s:5:"false";s:6:"arrows";s:4:"true";s:4:"dots";s:5:"false";s:4:"rows";s:1:"1";s:5:"speed";s:3:"300";s:14:"autoplay-Speed";s:4:"3000";s:7:"padding";s:1:"0";s:4:"cart";s:1:"1";s:7:"compare";s:1:"1";s:8:"wishlist";s:1:"1";s:6:"review";s:1:"1";}]]></config>
      <status><![CDATA[1]]></status>
    </item>
    <item>
      <title><![CDATA[Mega Shop Sport]]></title>
      <identifier><![CDATA[mega-shop-sport]]></identifier>
      <type_id><![CDATA[3]]></type_id>
      <config><![CDATA[a:35:{s:15:"magicproduct_id";s:2:"13";s:5:"title";s:15:"Mega Shop Sport";s:5:"image";s:42:"magiccart/magicproduct/catalog//f/2/f2.jpg";s:4:"ajax";s:1:"1";s:5:"types";a:2:{i:0;s:10:"bestseller";i:1;s:6:"random";}s:9:"activated";s:10:"bestseller";s:5:"limit";s:2:"10";s:6:"status";s:1:"1";s:10:"parameters";a:1:{s:10:"conditions";a:1:{i:1;a:4:{s:4:"type";s:50:"Magento\CatalogWidget\Model\Rule\Condition\Combine";s:10:"aggregator";s:3:"all";s:5:"value";s:1:"1";s:9:"new_child";s:0:"";}}}s:11:"category_id";s:1:"6";s:12:"category_ids";a:3:{i:0;s:2:"10";i:1;s:2:"12";i:2;s:2:"22";}s:6:"mobile";s:1:"1";s:8:"portrait";s:1:"1";s:9:"landscape";s:1:"2";s:6:"tablet";s:1:"3";s:8:"notebook";s:1:"4";s:6:"laptop";s:1:"4";s:7:"desktop";s:1:"4";s:10:"widescreen";s:1:"4";s:7:"visible";s:1:"4";s:5:"timer";s:1:"0";s:5:"slide";s:1:"1";s:8:"vertical";s:5:"false";s:8:"infinite";s:4:"true";s:8:"autoplay";s:4:"true";s:6:"arrows";s:4:"true";s:4:"dots";s:5:"false";s:4:"rows";s:1:"1";s:5:"speed";s:3:"300";s:14:"autoplay-Speed";s:4:"3000";s:7:"padding";s:1:"0";s:4:"cart";s:1:"1";s:7:"compare";s:1:"1";s:8:"wishlist";s:1:"1";s:6:"review";s:1:"1";}]]></config>
      <status><![CDATA[1]]></status>
    </item>
    <item>
      <title><![CDATA[Mega Shop Electronics]]></title>
      <identifier><![CDATA[mega-shop-electronics]]></identifier>
      <type_id><![CDATA[3]]></type_id>
      <config><![CDATA[a:35:{s:15:"magicproduct_id";s:2:"14";s:5:"title";s:21:"Mega Shop Electronics";s:5:"image";s:42:"magiccart/magicproduct/catalog//f/3/f3.jpg";s:4:"ajax";s:1:"1";s:5:"types";a:2:{i:0;s:8:"featured";i:1;s:6:"latest";}s:9:"activated";s:8:"featured";s:5:"limit";s:2:"12";s:6:"status";s:1:"1";s:10:"parameters";a:1:{s:10:"conditions";a:1:{i:1;a:4:{s:4:"type";s:50:"Magento\CatalogWidget\Model\Rule\Condition\Combine";s:10:"aggregator";s:3:"all";s:5:"value";s:1:"1";s:9:"new_child";s:0:"";}}}s:11:"category_id";s:2:"62";s:12:"category_ids";a:4:{i:0;s:2:"63";i:1;s:2:"65";i:2;s:2:"66";i:3;s:2:"67";}s:6:"mobile";s:1:"1";s:8:"portrait";s:1:"1";s:9:"landscape";s:1:"2";s:6:"tablet";s:1:"3";s:8:"notebook";s:1:"4";s:6:"laptop";s:1:"4";s:7:"desktop";s:1:"4";s:10:"widescreen";s:1:"4";s:7:"visible";s:1:"4";s:5:"timer";s:1:"0";s:5:"slide";s:1:"1";s:8:"vertical";s:5:"false";s:8:"infinite";s:4:"true";s:8:"autoplay";s:4:"true";s:6:"arrows";s:4:"true";s:4:"dots";s:5:"false";s:4:"rows";s:1:"1";s:5:"speed";s:3:"300";s:14:"autoplay-Speed";s:4:"3000";s:7:"padding";s:1:"0";s:4:"cart";s:1:"1";s:7:"compare";s:1:"1";s:8:"wishlist";s:1:"1";s:6:"review";s:1:"1";}]]></config>
      <status><![CDATA[1]]></status>
    </item>
    <item>
      <title><![CDATA[Mega Shop Digital]]></title>
      <identifier><![CDATA[mega-shop-digital]]></identifier>
      <type_id><![CDATA[3]]></type_id>
      <config><![CDATA[a:35:{s:15:"magicproduct_id";s:2:"15";s:5:"title";s:17:"Mega Shop Digital";s:5:"image";s:42:"magiccart/magicproduct/catalog//f/4/f4.jpg";s:4:"ajax";s:1:"1";s:5:"types";a:2:{i:0;s:8:"featured";i:1;s:6:"latest";}s:9:"activated";s:8:"featured";s:5:"limit";s:2:"12";s:6:"status";s:1:"1";s:10:"parameters";a:1:{s:10:"conditions";a:1:{i:1;a:4:{s:4:"type";s:50:"Magento\CatalogWidget\Model\Rule\Condition\Combine";s:10:"aggregator";s:3:"all";s:5:"value";s:1:"1";s:9:"new_child";s:0:"";}}}s:11:"category_id";s:1:"7";s:12:"category_ids";a:3:{i:0;s:2:"51";i:1;s:2:"55";i:2;s:2:"56";}s:6:"mobile";s:1:"1";s:8:"portrait";s:1:"1";s:9:"landscape";s:1:"2";s:6:"tablet";s:1:"3";s:8:"notebook";s:1:"4";s:6:"laptop";s:1:"4";s:7:"desktop";s:1:"4";s:10:"widescreen";s:1:"4";s:7:"visible";s:1:"4";s:5:"timer";s:1:"0";s:5:"slide";s:1:"1";s:8:"vertical";s:5:"false";s:8:"infinite";s:4:"true";s:8:"autoplay";s:4:"true";s:6:"arrows";s:4:"true";s:4:"dots";s:5:"false";s:4:"rows";s:1:"1";s:5:"speed";s:3:"300";s:14:"autoplay-Speed";s:4:"3000";s:7:"padding";s:1:"0";s:4:"cart";s:1:"1";s:7:"compare";s:1:"1";s:8:"wishlist";s:1:"1";s:6:"review";s:1:"1";}]]></config>
      <status><![CDATA[1]]></status>
    </item>
    <item>
      <title><![CDATA[Mega Shop Furniture]]></title>
      <identifier><![CDATA[mega-shop-furniture]]></identifier>
      <type_id><![CDATA[3]]></type_id>
      <config><![CDATA[a:35:{s:15:"magicproduct_id";s:2:"16";s:5:"title";s:19:"Mega Shop Furniture";s:5:"image";s:42:"magiccart/magicproduct/catalog//f/5/f5.jpg";s:4:"ajax";s:1:"1";s:5:"types";a:2:{i:0;s:8:"featured";i:1;s:6:"latest";}s:9:"activated";s:8:"featured";s:5:"limit";s:2:"12";s:6:"status";s:1:"1";s:10:"parameters";a:1:{s:10:"conditions";a:1:{i:1;a:4:{s:4:"type";s:50:"Magento\CatalogWidget\Model\Rule\Condition\Combine";s:10:"aggregator";s:3:"all";s:5:"value";s:1:"1";s:9:"new_child";s:0:"";}}}s:11:"category_id";s:1:"8";s:12:"category_ids";a:3:{i:0;s:2:"58";i:1;s:2:"60";i:2;s:2:"61";}s:6:"mobile";s:1:"1";s:8:"portrait";s:1:"1";s:9:"landscape";s:1:"2";s:6:"tablet";s:1:"3";s:8:"notebook";s:1:"4";s:6:"laptop";s:1:"4";s:7:"desktop";s:1:"4";s:10:"widescreen";s:1:"4";s:7:"visible";s:1:"4";s:5:"timer";s:1:"0";s:5:"slide";s:1:"1";s:8:"vertical";s:5:"false";s:8:"infinite";s:4:"true";s:8:"autoplay";s:4:"true";s:6:"arrows";s:4:"true";s:4:"dots";s:5:"false";s:4:"rows";s:1:"1";s:5:"speed";s:3:"300";s:14:"autoplay-Speed";s:4:"3000";s:7:"padding";s:1:"0";s:4:"cart";s:1:"1";s:7:"compare";s:1:"1";s:8:"wishlist";s:1:"1";s:6:"review";s:1:"1";}]]></config>
      <status><![CDATA[1]]></status>
    </item>
    <item>
      <title><![CDATA[Mega Shop Jewelry]]></title>
      <identifier><![CDATA[mega-shop-jewelry]]></identifier>
      <type_id><![CDATA[3]]></type_id>
      <config><![CDATA[a:35:{s:15:"magicproduct_id";s:2:"17";s:5:"title";s:17:"Mega Shop Jewelry";s:5:"image";s:42:"magiccart/magicproduct/catalog//f/6/f6.jpg";s:4:"ajax";s:1:"1";s:5:"types";a:2:{i:0;s:10:"bestseller";i:1;s:6:"random";}s:9:"activated";s:10:"bestseller";s:5:"limit";s:2:"10";s:6:"status";s:1:"1";s:10:"parameters";a:1:{s:10:"conditions";a:1:{i:1;a:4:{s:4:"type";s:50:"Magento\CatalogWidget\Model\Rule\Condition\Combine";s:10:"aggregator";s:3:"all";s:5:"value";s:1:"1";s:9:"new_child";s:0:"";}}}s:11:"category_id";s:2:"93";s:12:"category_ids";a:3:{i:0;s:3:"120";i:1;s:3:"121";i:2;s:3:"124";}s:6:"mobile";s:1:"1";s:8:"portrait";s:1:"1";s:9:"landscape";s:1:"2";s:6:"tablet";s:1:"3";s:8:"notebook";s:1:"4";s:6:"laptop";s:1:"4";s:7:"desktop";s:1:"4";s:10:"widescreen";s:1:"4";s:7:"visible";s:1:"4";s:5:"timer";s:1:"0";s:5:"slide";s:1:"1";s:8:"vertical";s:5:"false";s:8:"infinite";s:4:"true";s:8:"autoplay";s:4:"true";s:6:"arrows";s:4:"true";s:4:"dots";s:5:"false";s:4:"rows";s:1:"1";s:5:"speed";s:3:"300";s:14:"autoplay-Speed";s:4:"3000";s:7:"padding";s:1:"0";s:4:"cart";s:1:"1";s:7:"compare";s:1:"1";s:8:"wishlist";s:1:"1";s:6:"review";s:1:"1";}]]></config>
      <status><![CDATA[1]]></status>
    </item>
    <item>
      <title><![CDATA[Main Products (Home 01)]]></title>
      <identifier><![CDATA[main_products_01]]></identifier>
      <type_id><![CDATA[1]]></type_id>
      <config><![CDATA[a:34:{s:8:"form_key";s:16:"uSJg6sEJ1zUNrM0g";s:15:"magicproduct_id";s:2:"18";s:9:"countdown";s:0:"";s:5:"title";s:23:"Main Products (Home 01)";s:4:"ajax";s:1:"1";s:5:"types";a:3:{i:0;s:10:"bestseller";i:1;s:8:"featured";i:2;s:6:"random";}s:9:"activated";s:10:"bestseller";s:5:"limit";s:2:"10";s:6:"status";s:1:"1";s:10:"parameters";a:1:{s:10:"conditions";a:1:{i:1;a:4:{s:4:"type";s:50:"Magento\CatalogWidget\Model\Rule\Condition\Combine";s:10:"aggregator";s:3:"all";s:5:"value";s:1:"1";s:9:"new_child";s:0:"";}}}s:6:"mobile";s:1:"1";s:8:"portrait";s:1:"1";s:9:"landscape";s:1:"2";s:6:"tablet";s:1:"3";s:8:"notebook";s:1:"3";s:6:"laptop";s:1:"3";s:7:"desktop";s:1:"3";s:10:"widescreen";s:1:"3";s:7:"visible";s:1:"3";s:5:"timer";s:1:"0";s:5:"slide";s:1:"1";s:8:"vertical";s:5:"false";s:8:"infinite";s:4:"true";s:8:"autoplay";s:4:"true";s:6:"arrows";s:4:"true";s:4:"dots";s:5:"false";s:4:"rows";s:1:"1";s:5:"speed";s:3:"300";s:14:"autoplay-Speed";s:4:"3000";s:7:"padding";s:2:"15";s:4:"cart";s:1:"1";s:7:"compare";s:1:"1";s:8:"wishlist";s:1:"1";s:6:"review";s:1:"1";}]]></config>
      <status><![CDATA[1]]></status>
    </item>
    <item>
      <title><![CDATA[Latest Deals]]></title>
      <identifier><![CDATA[latest_deals]]></identifier>
      <type_id><![CDATA[1]]></type_id>
      <config><![CDATA[a:34:{s:8:"form_key";s:16:"Fb3iYLPrfxCTe2x6";s:15:"magicproduct_id";s:2:"19";s:9:"countdown";s:0:"";s:5:"title";s:12:"Latest Deals";s:4:"ajax";s:1:"1";s:5:"types";a:1:{i:0;s:4:"sale";}s:9:"activated";s:4:"sale";s:5:"limit";s:1:"5";s:6:"status";s:1:"1";s:10:"parameters";a:1:{s:10:"conditions";a:1:{i:1;a:4:{s:4:"type";s:50:"Magento\CatalogWidget\Model\Rule\Condition\Combine";s:10:"aggregator";s:3:"all";s:5:"value";s:1:"1";s:9:"new_child";s:0:"";}}}s:6:"mobile";s:1:"1";s:8:"portrait";s:1:"1";s:9:"landscape";s:1:"2";s:6:"tablet";s:1:"3";s:8:"notebook";s:1:"3";s:6:"laptop";s:1:"1";s:7:"desktop";s:1:"1";s:10:"widescreen";s:1:"1";s:7:"visible";s:1:"1";s:5:"timer";s:1:"1";s:5:"slide";s:1:"1";s:8:"vertical";s:5:"false";s:8:"infinite";s:4:"true";s:8:"autoplay";s:5:"false";s:6:"arrows";s:4:"true";s:4:"dots";s:5:"false";s:4:"rows";s:1:"1";s:5:"speed";s:3:"300";s:14:"autoplay-Speed";s:4:"3000";s:7:"padding";s:2:"15";s:4:"cart";s:1:"1";s:7:"compare";s:1:"1";s:8:"wishlist";s:1:"1";s:6:"review";s:1:"1";}]]></config>
      <status><![CDATA[1]]></status>
    </item>
    <item>
      <title><![CDATA[Latest Deals (Home2 and 5)]]></title>
      <identifier><![CDATA[latest_deals_home2]]></identifier>
      <type_id><![CDATA[1]]></type_id>
      <config><![CDATA[a:34:{s:8:"form_key";s:16:"uSJg6sEJ1zUNrM0g";s:15:"magicproduct_id";s:2:"20";s:9:"countdown";s:16:"5/30/22 12:00 AM";s:5:"title";s:26:"Latest Deals (Home2 and 5)";s:4:"ajax";s:1:"1";s:5:"types";a:1:{i:0;s:8:"featured";}s:9:"activated";s:8:"featured";s:5:"limit";s:2:"15";s:6:"status";s:1:"1";s:10:"parameters";a:1:{s:10:"conditions";a:1:{i:1;a:4:{s:4:"type";s:50:"Magento\CatalogWidget\Model\Rule\Condition\Combine";s:10:"aggregator";s:3:"all";s:5:"value";s:1:"1";s:9:"new_child";s:0:"";}}}s:6:"mobile";s:1:"1";s:8:"portrait";s:1:"1";s:9:"landscape";s:1:"2";s:6:"tablet";s:1:"3";s:8:"notebook";s:1:"4";s:6:"laptop";s:1:"4";s:7:"desktop";s:1:"4";s:10:"widescreen";s:1:"5";s:7:"visible";s:1:"5";s:5:"timer";s:1:"0";s:5:"slide";s:1:"1";s:8:"vertical";s:5:"false";s:8:"infinite";s:4:"true";s:8:"autoplay";s:5:"false";s:6:"arrows";s:4:"true";s:4:"dots";s:5:"false";s:4:"rows";s:1:"1";s:5:"speed";s:3:"300";s:14:"autoplay-Speed";s:4:"3000";s:7:"padding";s:2:"10";s:4:"cart";s:1:"1";s:7:"compare";s:1:"1";s:8:"wishlist";s:1:"1";s:6:"review";s:1:"1";}]]></config>
      <status><![CDATA[1]]></status>
    </item>
    <item>
      <title><![CDATA[Mega Shop Fashion (Home2 and Home5 or 6)]]></title>
      <identifier><![CDATA[mega-shop-fashion-home2]]></identifier>
      <type_id><![CDATA[3]]></type_id>
      <config><![CDATA[a:33:{s:8:"form_key";s:16:"vbBpoJGUoUL74Z8y";s:15:"magicproduct_id";s:2:"21";s:5:"title";s:40:"Mega Shop Fashion (Home2 and Home5 or 6)";s:5:"image";s:55:"magiccart/magicproduct/catalog//b/a/banner-product1.jpg";s:4:"ajax";s:1:"1";s:5:"types";a:5:{i:0;s:8:"featured";i:1;s:6:"latest";i:2;s:3:"new";i:3;s:6:"random";i:4;s:4:"sale";}s:9:"activated";s:8:"featured";s:5:"limit";s:1:"6";s:6:"status";s:1:"1";s:11:"category_id";s:1:"3";s:12:"category_ids";a:13:{i:0;s:1:"3";i:1;s:1:"4";i:2;s:1:"5";i:3;s:2:"40";i:4;s:1:"6";i:5;s:1:"7";i:6;s:2:"51";i:7;s:1:"8";i:8;s:2:"58";i:9;s:1:"9";i:10;s:2:"62";i:11;s:2:"81";i:12;s:2:"84";}s:6:"mobile";s:1:"1";s:8:"portrait";s:1:"1";s:9:"landscape";s:1:"2";s:6:"tablet";s:1:"3";s:8:"notebook";s:1:"3";s:7:"desktop";s:1:"3";s:7:"visible";s:1:"3";s:5:"timer";s:1:"0";s:5:"slide";s:1:"0";s:8:"vertical";s:5:"false";s:8:"infinite";s:4:"true";s:8:"autoplay";s:5:"false";s:6:"arrows";s:4:"true";s:4:"dots";s:5:"false";s:4:"rows";s:1:"1";s:5:"speed";s:3:"300";s:14:"autoplay-Speed";s:4:"3000";s:7:"padding";s:1:"0";s:4:"cart";s:1:"1";s:7:"compare";s:1:"1";s:8:"wishlist";s:1:"1";s:6:"review";s:1:"0";}]]></config>
      <status><![CDATA[1]]></status>
    </item>
    <item>
      <title><![CDATA[Mega Shop Sport(Home2 and Home5 or 6)]]></title>
      <identifier><![CDATA[mega-shop-sport-home2]]></identifier>
      <type_id><![CDATA[3]]></type_id>
      <config><![CDATA[a:33:{s:8:"form_key";s:16:"vbBpoJGUoUL74Z8y";s:15:"magicproduct_id";s:2:"22";s:5:"title";s:37:"Mega Shop Sport(Home2 and Home5 or 6)";s:5:"image";s:47:"magiccart/magicproduct/catalog//b/a/banner4.jpg";s:4:"ajax";s:1:"1";s:5:"types";a:5:{i:0;s:8:"featured";i:1;s:6:"latest";i:2;s:3:"new";i:3;s:6:"random";i:4;s:4:"sale";}s:9:"activated";s:8:"featured";s:5:"limit";s:1:"6";s:6:"status";s:1:"1";s:11:"category_id";s:1:"6";s:12:"category_ids";a:9:{i:0;s:1:"6";i:1;s:2:"10";i:2;s:2:"11";i:3;s:2:"78";i:4;s:1:"8";i:5;s:2:"58";i:6;s:1:"9";i:7;s:2:"62";i:8;s:2:"81";}s:6:"mobile";s:1:"1";s:8:"portrait";s:1:"1";s:9:"landscape";s:1:"2";s:6:"tablet";s:1:"3";s:8:"notebook";s:1:"3";s:7:"desktop";s:1:"3";s:7:"visible";s:1:"3";s:5:"timer";s:1:"0";s:5:"slide";s:1:"0";s:8:"vertical";s:5:"false";s:8:"infinite";s:4:"true";s:8:"autoplay";s:5:"false";s:6:"arrows";s:5:"false";s:4:"dots";s:5:"false";s:4:"rows";s:1:"1";s:5:"speed";s:3:"300";s:14:"autoplay-Speed";s:4:"3000";s:7:"padding";s:1:"0";s:4:"cart";s:1:"1";s:7:"compare";s:1:"1";s:8:"wishlist";s:1:"1";s:6:"review";s:1:"0";}]]></config>
      <status><![CDATA[1]]></status>
    </item>
    <item>
      <title><![CDATA[Mega Shop Electronics(Home2 and Home5 or 6)]]></title>
      <identifier><![CDATA[mega-shop-electronics-home2]]></identifier>
      <type_id><![CDATA[3]]></type_id>
      <config><![CDATA[a:33:{s:8:"form_key";s:16:"vbBpoJGUoUL74Z8y";s:15:"magicproduct_id";s:2:"23";s:5:"title";s:43:"Mega Shop Electronics(Home2 and Home5 or 6)";s:5:"image";s:55:"magiccart/magicproduct/catalog//b/a/banner-product2.jpg";s:4:"ajax";s:1:"1";s:5:"types";a:5:{i:0;s:8:"featured";i:1;s:6:"latest";i:2;s:3:"new";i:3;s:6:"random";i:4;s:4:"sale";}s:9:"activated";s:8:"featured";s:5:"limit";s:1:"6";s:6:"status";s:1:"1";s:11:"category_id";s:2:"62";s:12:"category_ids";a:12:{i:0;s:2:"62";i:1;s:2:"63";i:2;s:2:"65";i:3;s:2:"66";i:4;s:2:"73";i:5;s:2:"81";i:6;s:2:"87";i:7;s:2:"88";i:8;s:2:"89";i:9;s:2:"91";i:10;s:2:"92";i:11;s:2:"93";}s:6:"mobile";s:1:"1";s:8:"portrait";s:1:"1";s:9:"landscape";s:1:"2";s:6:"tablet";s:1:"3";s:8:"notebook";s:1:"3";s:7:"desktop";s:1:"3";s:7:"visible";s:1:"3";s:5:"timer";s:1:"0";s:5:"slide";s:1:"0";s:8:"vertical";s:5:"false";s:8:"infinite";s:4:"true";s:8:"autoplay";s:5:"false";s:6:"arrows";s:5:"false";s:4:"dots";s:5:"false";s:4:"rows";s:1:"1";s:5:"speed";s:3:"300";s:14:"autoplay-Speed";s:4:"3000";s:7:"padding";s:1:"0";s:4:"cart";s:1:"1";s:7:"compare";s:1:"1";s:8:"wishlist";s:1:"1";s:6:"review";s:1:"0";}]]></config>
      <status><![CDATA[1]]></status>
    </item>
    <item>
      <title><![CDATA[Mega Shop Digital(Home2)]]></title>
      <identifier><![CDATA[mega-shop-digital-home2]]></identifier>
      <type_id><![CDATA[3]]></type_id>
      <config><![CDATA[a:33:{s:8:"form_key";s:16:"akHA1cHk1G3qzulr";s:5:"title";s:24:"Mega Shop Digital(Home2)";s:10:"identifier";s:23:"mega-shop-digital-home2";s:4:"ajax";s:1:"1";s:5:"types";a:5:{i:0;s:8:"featured";i:1;s:6:"latest";i:2;s:3:"new";i:3;s:6:"random";i:4;s:4:"sale";}s:9:"activated";s:6:"latest";s:5:"limit";s:1:"8";s:6:"status";s:1:"1";s:11:"category_id";s:1:"7";s:12:"category_ids";a:8:{i:0;s:1:"7";i:1;s:2:"51";i:2;s:2:"55";i:3;s:2:"56";i:4;s:1:"9";i:5;s:2:"62";i:6;s:2:"65";i:7;s:2:"84";}s:6:"mobile";s:1:"1";s:8:"portrait";s:1:"1";s:9:"landscape";s:1:"2";s:6:"tablet";s:1:"3";s:8:"notebook";s:1:"3";s:7:"desktop";s:1:"4";s:7:"visible";s:1:"4";s:5:"timer";s:1:"0";s:5:"slide";s:1:"0";s:8:"vertical";s:5:"false";s:8:"infinite";s:4:"true";s:8:"autoplay";s:5:"false";s:6:"arrows";s:4:"true";s:4:"dots";s:5:"false";s:4:"rows";s:1:"1";s:5:"speed";s:3:"300";s:14:"autoplay-Speed";s:4:"3000";s:7:"padding";s:1:"0";s:4:"cart";s:1:"1";s:7:"compare";s:1:"1";s:8:"wishlist";s:1:"1";s:6:"review";s:1:"0";s:5:"image";s:46:"magiccart/magicproduct/catalog//d/e/demo02.jpg";}]]></config>
      <status><![CDATA[1]]></status>
    </item>
    <item>
      <title><![CDATA[Mega Shop Furniture(Home2 and Home5 or 6)]]></title>
      <identifier><![CDATA[mega-shop-furniture-home2]]></identifier>
      <type_id><![CDATA[3]]></type_id>
      <config><![CDATA[a:33:{s:8:"form_key";s:16:"69wMdZ5ET5Oclj1E";s:15:"magicproduct_id";s:2:"25";s:5:"title";s:41:"Mega Shop Furniture(Home2 and Home5 or 6)";s:5:"image";s:55:"magiccart/magicproduct/catalog//b/a/banner-product3.jpg";s:4:"ajax";s:1:"1";s:5:"types";a:5:{i:0;s:8:"featured";i:1;s:6:"latest";i:2;s:3:"new";i:3;s:6:"random";i:4;s:4:"sale";}s:9:"activated";s:6:"latest";s:5:"limit";s:1:"6";s:6:"status";s:1:"1";s:11:"category_id";s:1:"8";s:12:"category_ids";a:7:{i:0;s:1:"3";i:1;s:1:"4";i:2;s:1:"6";i:3;s:1:"7";i:4;s:1:"8";i:5;s:1:"9";i:6;s:2:"62";}s:6:"mobile";s:1:"1";s:8:"portrait";s:1:"1";s:9:"landscape";s:1:"2";s:6:"tablet";s:1:"3";s:8:"notebook";s:1:"3";s:7:"desktop";s:1:"3";s:7:"visible";s:1:"3";s:5:"timer";s:1:"0";s:5:"slide";s:1:"0";s:8:"vertical";s:5:"false";s:8:"infinite";s:4:"true";s:8:"autoplay";s:5:"false";s:6:"arrows";s:5:"false";s:4:"dots";s:5:"false";s:4:"rows";s:1:"1";s:5:"speed";s:3:"300";s:14:"autoplay-Speed";s:4:"3000";s:7:"padding";s:1:"0";s:4:"cart";s:1:"1";s:7:"compare";s:1:"1";s:8:"wishlist";s:1:"1";s:6:"review";s:1:"0";}]]></config>
      <status><![CDATA[1]]></status>
    </item>
    <item>
      <title><![CDATA[Mega Shop Jewelry(Home2 and Home5 or 6)]]></title>
      <identifier><![CDATA[mega-shop-jewelry-home2]]></identifier>
      <type_id><![CDATA[3]]></type_id>
      <config><![CDATA[a:33:{s:8:"form_key";s:16:"vbBpoJGUoUL74Z8y";s:15:"magicproduct_id";s:2:"26";s:5:"title";s:39:"Mega Shop Jewelry(Home2 and Home5 or 6)";s:5:"image";s:47:"magiccart/magicproduct/catalog//j/e/jewelry.jpg";s:4:"ajax";s:1:"1";s:5:"types";a:5:{i:0;s:8:"featured";i:1;s:6:"latest";i:2;s:3:"new";i:3;s:6:"random";i:4;s:4:"sale";}s:9:"activated";s:8:"featured";s:5:"limit";s:1:"6";s:6:"status";s:1:"1";s:11:"category_id";s:2:"93";s:12:"category_ids";a:10:{i:0;s:1:"7";i:1;s:1:"8";i:2;s:2:"58";i:3;s:1:"9";i:4;s:2:"62";i:5;s:2:"87";i:6;s:2:"88";i:7;s:2:"89";i:8;s:2:"91";i:9;s:2:"93";}s:6:"mobile";s:1:"1";s:8:"portrait";s:1:"1";s:9:"landscape";s:1:"2";s:6:"tablet";s:1:"3";s:8:"notebook";s:1:"3";s:7:"desktop";s:1:"3";s:7:"visible";s:1:"3";s:5:"timer";s:1:"0";s:5:"slide";s:1:"0";s:8:"vertical";s:5:"false";s:8:"infinite";s:4:"true";s:8:"autoplay";s:4:"true";s:6:"arrows";s:4:"true";s:4:"dots";s:5:"false";s:4:"rows";s:1:"1";s:5:"speed";s:3:"300";s:14:"autoplay-Speed";s:4:"3000";s:7:"padding";s:1:"0";s:4:"cart";s:1:"1";s:7:"compare";s:1:"1";s:8:"wishlist";s:1:"1";s:6:"review";s:1:"0";}]]></config>
      <status><![CDATA[1]]></status>
    </item>
    <item>
      <title><![CDATA[Mega Shop Digital(Home5 and Home6)]]></title>
      <identifier><![CDATA[mega-shop-digital-home5]]></identifier>
      <type_id><![CDATA[3]]></type_id>
      <config><![CDATA[a:33:{s:8:"form_key";s:16:"vbBpoJGUoUL74Z8y";s:5:"title";s:34:"Mega Shop Digital(Home5 and Home6)";s:10:"identifier";s:23:"mega-shop-digital-home5";s:4:"ajax";s:1:"1";s:5:"types";a:5:{i:0;s:8:"featured";i:1;s:6:"latest";i:2;s:3:"new";i:3;s:6:"random";i:4;s:4:"sale";}s:9:"activated";s:8:"featured";s:5:"limit";s:1:"6";s:6:"status";s:1:"1";s:11:"category_id";s:1:"7";s:12:"category_ids";a:8:{i:0;s:1:"3";i:1;s:1:"6";i:2;s:1:"7";i:3;s:2:"73";i:4;s:2:"81";i:5;s:2:"84";i:6;s:2:"92";i:7;s:2:"93";}s:6:"mobile";s:1:"1";s:8:"portrait";s:1:"1";s:9:"landscape";s:1:"2";s:6:"tablet";s:1:"3";s:8:"notebook";s:1:"3";s:7:"desktop";s:1:"3";s:7:"visible";s:1:"3";s:5:"timer";s:1:"0";s:5:"slide";s:1:"0";s:8:"vertical";s:5:"false";s:8:"infinite";s:4:"true";s:8:"autoplay";s:5:"false";s:6:"arrows";s:5:"false";s:4:"dots";s:5:"false";s:4:"rows";s:1:"1";s:5:"speed";s:3:"300";s:14:"autoplay-Speed";s:4:"3000";s:7:"padding";s:1:"0";s:4:"cart";s:1:"1";s:7:"compare";s:1:"1";s:8:"wishlist";s:1:"1";s:6:"review";s:1:"0";s:5:"image";s:47:"magiccart/magicproduct/catalog//b/a/banner6.jpg";}]]></config>
      <status><![CDATA[1]]></status>
    </item>
    <item>
      <title><![CDATA[Mega Shop Fashion (Home7)]]></title>
      <identifier><![CDATA[mega-shop-fashion-home7]]></identifier>
      <type_id><![CDATA[3]]></type_id>
      <config><![CDATA[a:33:{s:8:"form_key";s:16:"sa5g8Breq1juKoxJ";s:15:"magicproduct_id";s:2:"28";s:5:"title";s:25:"Mega Shop Fashion (Home7)";s:5:"image";s:42:"magiccart/magicproduct/catalog//b/3/b3.jpg";s:4:"ajax";s:1:"1";s:5:"types";a:5:{i:0;s:8:"featured";i:1;s:6:"latest";i:2;s:3:"new";i:3;s:6:"random";i:4;s:4:"sale";}s:9:"activated";s:8:"featured";s:5:"limit";s:1:"8";s:6:"status";s:1:"1";s:11:"category_id";s:1:"3";s:12:"category_ids";a:14:{i:0;s:1:"3";i:1;s:1:"4";i:2;s:1:"5";i:3;s:2:"74";i:4;s:2:"40";i:5;s:2:"41";i:6;s:2:"42";i:7;s:1:"6";i:8;s:1:"7";i:9;s:1:"8";i:10;s:1:"9";i:11;s:2:"62";i:12;s:2:"92";i:13;s:2:"93";}s:6:"mobile";s:1:"1";s:8:"portrait";s:1:"1";s:9:"landscape";s:1:"2";s:6:"tablet";s:1:"4";s:8:"notebook";s:1:"4";s:7:"desktop";s:1:"4";s:7:"visible";s:1:"4";s:5:"timer";s:1:"0";s:5:"slide";s:1:"0";s:8:"vertical";s:5:"false";s:8:"infinite";s:4:"true";s:8:"autoplay";s:5:"false";s:6:"arrows";s:5:"false";s:4:"dots";s:5:"false";s:4:"rows";s:1:"1";s:5:"speed";s:3:"300";s:14:"autoplay-Speed";s:4:"3000";s:7:"padding";s:1:"0";s:4:"cart";s:1:"1";s:7:"compare";s:1:"1";s:8:"wishlist";s:1:"1";s:6:"review";s:1:"1";}]]></config>
      <status><![CDATA[1]]></status>
    </item>
    <item>
      <title><![CDATA[Mega Shop Sport(Home7)]]></title>
      <identifier><![CDATA[mega-shop-sport-home7]]></identifier>
      <type_id><![CDATA[3]]></type_id>
      <config><![CDATA[a:33:{s:8:"form_key";s:16:"lBcX6uLmsV0AEJ4s";s:5:"title";s:22:"Mega Shop Sport(Home7)";s:10:"identifier";s:21:"mega-shop-sport-home7";s:4:"ajax";s:1:"1";s:5:"types";a:5:{i:0;s:8:"featured";i:1;s:6:"latest";i:2;s:3:"new";i:3;s:6:"random";i:4;s:4:"sale";}s:9:"activated";s:6:"latest";s:5:"limit";s:1:"8";s:6:"status";s:1:"1";s:11:"category_id";s:1:"6";s:12:"category_ids";a:14:{i:0;s:1:"6";i:1;s:2:"10";i:2;s:2:"11";i:3;s:2:"78";i:4;s:2:"79";i:5;s:2:"12";i:6;s:2:"17";i:7;s:2:"19";i:8;s:2:"22";i:9;s:1:"7";i:10;s:1:"8";i:11;s:1:"9";i:12;s:2:"62";i:13;s:2:"63";}s:6:"mobile";s:1:"1";s:8:"portrait";s:1:"1";s:9:"landscape";s:1:"2";s:6:"tablet";s:1:"4";s:8:"notebook";s:1:"4";s:7:"desktop";s:1:"4";s:7:"visible";s:1:"4";s:5:"timer";s:1:"0";s:5:"slide";s:1:"0";s:8:"vertical";s:5:"false";s:8:"infinite";s:4:"true";s:8:"autoplay";s:5:"false";s:6:"arrows";s:5:"false";s:4:"dots";s:5:"false";s:4:"rows";s:1:"1";s:5:"speed";s:3:"300";s:14:"autoplay-Speed";s:4:"3000";s:7:"padding";s:1:"0";s:4:"cart";s:1:"1";s:7:"compare";s:1:"1";s:8:"wishlist";s:1:"1";s:6:"review";s:1:"1";s:5:"image";s:42:"magiccart/magicproduct/catalog//b/4/b4.jpg";}]]></config>
      <status><![CDATA[1]]></status>
    </item>
    <item>
      <title><![CDATA[Mega Shop Electronics(home7)]]></title>
      <identifier><![CDATA[mega-shop-electronics-home7]]></identifier>
      <type_id><![CDATA[3]]></type_id>
      <config><![CDATA[a:33:{s:8:"form_key";s:16:"lBcX6uLmsV0AEJ4s";s:5:"title";s:28:"Mega Shop Electronics(home7)";s:10:"identifier";s:27:"mega-shop-electronics-home7";s:4:"ajax";s:1:"1";s:5:"types";a:5:{i:0;s:8:"featured";i:1;s:6:"latest";i:2;s:3:"new";i:3;s:6:"random";i:4;s:4:"sale";}s:9:"activated";s:8:"featured";s:5:"limit";s:1:"8";s:6:"status";s:1:"1";s:11:"category_id";s:2:"62";s:12:"category_ids";a:14:{i:0;s:1:"3";i:1;s:1:"6";i:2;s:1:"7";i:3;s:1:"8";i:4;s:1:"9";i:5;s:2:"62";i:6;s:2:"63";i:7;s:2:"64";i:8;s:2:"81";i:9;s:3:"113";i:10;s:3:"114";i:11;s:2:"83";i:12;s:2:"84";i:13;s:2:"93";}s:6:"mobile";s:1:"1";s:8:"portrait";s:1:"1";s:9:"landscape";s:1:"2";s:6:"tablet";s:1:"4";s:8:"notebook";s:1:"4";s:7:"desktop";s:1:"4";s:7:"visible";s:1:"4";s:5:"timer";s:1:"0";s:5:"slide";s:1:"0";s:8:"vertical";s:5:"false";s:8:"infinite";s:4:"true";s:8:"autoplay";s:5:"false";s:6:"arrows";s:5:"false";s:4:"dots";s:5:"false";s:4:"rows";s:1:"1";s:5:"speed";s:3:"300";s:14:"autoplay-Speed";s:4:"3000";s:7:"padding";s:1:"0";s:4:"cart";s:1:"1";s:7:"compare";s:1:"1";s:8:"wishlist";s:1:"1";s:6:"review";s:1:"1";s:5:"image";s:42:"magiccart/magicproduct/catalog//b/5/b5.jpg";}]]></config>
      <status><![CDATA[1]]></status>
    </item>
    <item>
      <title><![CDATA[Mega Shop Digital(Home7)]]></title>
      <identifier><![CDATA[mega-shop-digital-home7]]></identifier>
      <type_id><![CDATA[3]]></type_id>
      <config><![CDATA[a:33:{s:8:"form_key";s:16:"lBcX6uLmsV0AEJ4s";s:5:"title";s:24:"Mega Shop Digital(Home7)";s:10:"identifier";s:23:"mega-shop-digital-home7";s:4:"ajax";s:1:"1";s:5:"types";a:5:{i:0;s:8:"featured";i:1;s:6:"latest";i:2;s:3:"new";i:3;s:6:"random";i:4;s:4:"sale";}s:9:"activated";s:6:"latest";s:5:"limit";s:1:"8";s:6:"status";s:1:"1";s:11:"category_id";s:1:"7";s:12:"category_ids";a:14:{i:0;s:1:"6";i:1;s:1:"7";i:2;s:2:"51";i:3;s:2:"55";i:4;s:2:"56";i:5;s:2:"52";i:6;s:1:"8";i:7;s:2:"58";i:8;s:2:"59";i:9;s:1:"9";i:10;s:2:"62";i:11;s:2:"81";i:12;s:2:"84";i:13;s:2:"93";}s:6:"mobile";s:1:"1";s:8:"portrait";s:1:"1";s:9:"landscape";s:1:"2";s:6:"tablet";s:1:"4";s:8:"notebook";s:1:"4";s:7:"desktop";s:1:"4";s:7:"visible";s:1:"4";s:5:"timer";s:1:"0";s:5:"slide";s:1:"0";s:8:"vertical";s:5:"false";s:8:"infinite";s:4:"true";s:8:"autoplay";s:5:"false";s:6:"arrows";s:5:"false";s:4:"dots";s:5:"false";s:4:"rows";s:1:"1";s:5:"speed";s:3:"300";s:14:"autoplay-Speed";s:4:"3000";s:7:"padding";s:1:"0";s:4:"cart";s:1:"1";s:7:"compare";s:1:"1";s:8:"wishlist";s:1:"1";s:6:"review";s:1:"1";s:5:"image";s:42:"magiccart/magicproduct/catalog//b/6/b6.jpg";}]]></config>
      <status><![CDATA[1]]></status>
    </item>
    <item>
      <title><![CDATA[Mega Shop Furniture(Home7)]]></title>
      <identifier><![CDATA[mega-shop-furniture-home7]]></identifier>
      <type_id><![CDATA[3]]></type_id>
      <config><![CDATA[a:33:{s:8:"form_key";s:16:"lBcX6uLmsV0AEJ4s";s:5:"title";s:26:"Mega Shop Furniture(Home7)";s:10:"identifier";s:25:"mega-shop-furniture-home7";s:4:"ajax";s:1:"1";s:5:"types";a:5:{i:0;s:8:"featured";i:1;s:6:"latest";i:2;s:3:"new";i:3;s:6:"random";i:4;s:4:"sale";}s:9:"activated";s:8:"featured";s:5:"limit";s:1:"8";s:6:"status";s:1:"1";s:11:"category_id";s:1:"8";s:12:"category_ids";a:14:{i:0;s:1:"3";i:1;s:1:"6";i:2;s:1:"7";i:3;s:1:"8";i:4;s:2:"58";i:5;s:2:"59";i:6;s:1:"9";i:7;s:2:"62";i:8;s:3:"100";i:9;s:2:"84";i:10;s:2:"91";i:11;s:2:"92";i:12;s:2:"93";i:13;s:3:"120";}s:6:"mobile";s:1:"1";s:8:"portrait";s:1:"1";s:9:"landscape";s:1:"2";s:6:"tablet";s:1:"4";s:8:"notebook";s:1:"4";s:7:"desktop";s:1:"4";s:7:"visible";s:1:"4";s:5:"timer";s:1:"0";s:5:"slide";s:1:"0";s:8:"vertical";s:5:"false";s:8:"infinite";s:4:"true";s:8:"autoplay";s:5:"false";s:6:"arrows";s:5:"false";s:4:"dots";s:5:"false";s:4:"rows";s:1:"1";s:5:"speed";s:3:"300";s:14:"autoplay-Speed";s:4:"3000";s:7:"padding";s:1:"0";s:4:"cart";s:1:"1";s:7:"compare";s:1:"1";s:8:"wishlist";s:1:"1";s:6:"review";s:1:"1";s:5:"image";s:42:"magiccart/magicproduct/catalog//b/7/b7.jpg";}]]></config>
      <status><![CDATA[1]]></status>
    </item>
    <item>
      <title><![CDATA[Mega Shop Jewelry(Home7)]]></title>
      <identifier><![CDATA[mega-shop-jewelry-home7]]></identifier>
      <type_id><![CDATA[3]]></type_id>
      <config><![CDATA[a:33:{s:8:"form_key";s:16:"lBcX6uLmsV0AEJ4s";s:5:"title";s:24:"Mega Shop Jewelry(Home7)";s:10:"identifier";s:23:"mega-shop-jewelry-home7";s:4:"ajax";s:1:"1";s:5:"types";a:5:{i:0;s:8:"featured";i:1;s:6:"latest";i:2;s:3:"new";i:3;s:6:"random";i:4;s:4:"sale";}s:9:"activated";s:8:"featured";s:5:"limit";s:1:"8";s:6:"status";s:1:"1";s:11:"category_id";s:2:"93";s:12:"category_ids";a:14:{i:0;s:1:"3";i:1;s:2:"40";i:2;s:1:"6";i:3;s:2:"12";i:4;s:1:"7";i:5;s:1:"8";i:6;s:3:"100";i:7;s:2:"84";i:8;s:2:"87";i:9;s:2:"88";i:10;s:2:"91";i:11;s:2:"92";i:12;s:2:"93";i:13;s:3:"120";}s:6:"mobile";s:1:"1";s:8:"portrait";s:1:"1";s:9:"landscape";s:1:"2";s:6:"tablet";s:1:"4";s:8:"notebook";s:1:"4";s:7:"desktop";s:1:"4";s:7:"visible";s:1:"4";s:5:"timer";s:1:"0";s:5:"slide";s:1:"0";s:8:"vertical";s:5:"false";s:8:"infinite";s:4:"true";s:8:"autoplay";s:5:"false";s:6:"arrows";s:5:"false";s:4:"dots";s:5:"false";s:4:"rows";s:1:"1";s:5:"speed";s:3:"300";s:14:"autoplay-Speed";s:4:"3000";s:7:"padding";s:1:"0";s:4:"cart";s:1:"1";s:7:"compare";s:1:"1";s:8:"wishlist";s:1:"1";s:6:"review";s:1:"1";s:5:"image";s:42:"magiccart/magicproduct/catalog//b/8/b8.jpg";}]]></config>
      <status><![CDATA[1]]></status>
    </item>
    <item>
      <title><![CDATA[Hot deals]]></title>
      <identifier><![CDATA[hot-deals]]></identifier>
      <type_id><![CDATA[1]]></type_id>
      <config><![CDATA[a:34:{s:8:"form_key";s:16:"uSJg6sEJ1zUNrM0g";s:15:"magicproduct_id";s:2:"34";s:9:"countdown";s:16:"5/24/22 12:00 AM";s:5:"title";s:9:"Hot deals";s:4:"ajax";s:1:"1";s:5:"types";a:1:{i:0;s:8:"featured";}s:9:"activated";s:8:"featured";s:5:"limit";s:2:"10";s:6:"status";s:1:"1";s:10:"parameters";a:1:{s:10:"conditions";a:1:{i:1;a:4:{s:4:"type";s:50:"Magento\CatalogWidget\Model\Rule\Condition\Combine";s:10:"aggregator";s:3:"all";s:5:"value";s:1:"1";s:9:"new_child";s:0:"";}}}s:6:"mobile";s:1:"1";s:8:"portrait";s:1:"1";s:9:"landscape";s:1:"2";s:6:"tablet";s:1:"3";s:8:"notebook";s:1:"3";s:6:"laptop";s:1:"4";s:7:"desktop";s:1:"4";s:10:"widescreen";s:1:"5";s:7:"visible";s:1:"5";s:5:"timer";s:1:"0";s:5:"slide";s:1:"1";s:8:"vertical";s:5:"false";s:8:"infinite";s:4:"true";s:8:"autoplay";s:5:"false";s:6:"arrows";s:4:"true";s:4:"dots";s:5:"false";s:4:"rows";s:1:"1";s:5:"speed";s:3:"300";s:14:"autoplay-Speed";s:4:"3000";s:7:"padding";s:1:"7";s:4:"cart";s:1:"1";s:7:"compare";s:1:"1";s:8:"wishlist";s:1:"1";s:6:"review";s:1:"1";}]]></config>
      <status><![CDATA[1]]></status>
    </item>
  </magicproduct>
</root>
