<?xml version="1.0" encoding="UTF-8"?>
<root>
  <system>
    <config>
      <path>alothemes/grid/portrait</path>
      <value><![CDATA[2]]></value>
    </config>
    <config>
      <path>alothemes/grid/notebook</path>
      <value><![CDATA[3]]></value>
    </config>
    <config>
      <path>alothemes/related/padding</path>
      <value><![CDATA[10]]></value>
    </config>
    <config>
      <path>alothemes/related/landscape</path>
      <value><![CDATA[2]]></value>
    </config>
    <config>
      <path>alothemes/related/notebook</path>
      <value><![CDATA[3]]></value>
    </config>
    <config>
      <path>alothemes/related/laptop</path>
      <value><![CDATA[3]]></value>
    </config>
    <config>
      <path>alothemes/related/desktop</path>
      <value><![CDATA[3]]></value>
    </config>
    <config>
      <path>alothemes/related/widescreen</path>
      <value><![CDATA[3]]></value>
    </config>
    <config>
      <path>alothemes/related/visible</path>
      <value><![CDATA[3]]></value>
    </config>
    <config>
      <path>alothemes/related/arrows</path>
      <value><![CDATA[true]]></value>
    </config>
    <config>
      <path>alothemes/upsell/padding</path>
      <value><![CDATA[10]]></value>
    </config>
    <config>
      <path>alothemes/upsell/landscape</path>
      <value><![CDATA[2]]></value>
    </config>
    <config>
      <path>alothemes/upsell/notebook</path>
      <value><![CDATA[3]]></value>
    </config>
    <config>
      <path>alothemes/upsell/laptop</path>
      <value><![CDATA[3]]></value>
    </config>
    <config>
      <path>alothemes/upsell/desktop</path>
      <value><![CDATA[3]]></value>
    </config>
    <config>
      <path>alothemes/upsell/widescreen</path>
      <value><![CDATA[3]]></value>
    </config>
    <config>
      <path>alothemes/upsell/visible</path>
      <value><![CDATA[3]]></value>
    </config>
    <config>
      <path>alothemes/upsell/arrows</path>
      <value><![CDATA[true]]></value>
    </config>
    <config>
      <path>alothemes/crosssell/padding</path>
      <value><![CDATA[10]]></value>
    </config>
    <config>
      <path>alothemes/crosssell/landscape</path>
      <value><![CDATA[2]]></value>
    </config>
    <config>
      <path>alothemes/crosssell/notebook</path>
      <value><![CDATA[3]]></value>
    </config>
    <config>
      <path>alothemes/crosssell/laptop</path>
      <value><![CDATA[3]]></value>
    </config>
    <config>
      <path>alothemes/crosssell/desktop</path>
      <value><![CDATA[3]]></value>
    </config>
    <config>
      <path>alothemes/crosssell/arrows</path>
      <value><![CDATA[true]]></value>
    </config>
    <config>
      <path>alothemes/labels/salePercent</path>
      <value><![CDATA[0]]></value>
    </config>
    <config>
      <path>alothemes/timer/enabled</path>
      <value><![CDATA[1]]></value>
    </config>
    <config>
      <path>alothemes/categorysearch/enabled</path>
      <value><![CDATA[1]]></value>
    </config>
    <config>
      <path>alothemes/categorysearch/depth</path>
      <value><![CDATA[]]></value>
    </config>
    <config>
      <path>alothemes/newsletter/width</path>
      <value><![CDATA[800]]></value>
    </config>
    <config>
      <path>alothemes/newsletter/height</path>
      <value><![CDATA[500]]></value>
    </config>
    <config>
      <path>alothemes/newsletter/background_image</path>
      <value><![CDATA[default/popup.jpg]]></value>
    </config>
    <config>
      <path>alothemes/font/google</path>
      <value><![CDATA[0]]></value>
    </config>
    <config>
      <path>alothemes/list/mobile</path>
      <value><![CDATA[1]]></value>
    </config>
    <config>
      <path>alothemes/list/portrait</path>
      <value><![CDATA[2]]></value>
    </config>
    <config>
      <path>alothemes/list/landscape</path>
      <value><![CDATA[2]]></value>
    </config>
    <config>
      <path>alothemes/list/tablet</path>
      <value><![CDATA[3]]></value>
    </config>
    <config>
      <path>alothemes/list/desktop</path>
      <value><![CDATA[2]]></value>
    </config>
    <config>
      <path>alothemes/list/visible</path>
      <value><![CDATA[3]]></value>
    </config>
    <config>
      <path>alothemes/list/padding</path>
      <value><![CDATA[15]]></value>
    </config>
    <config>
      <path>alodesign/general/developer</path>
      <value><![CDATA[0]]></value>
    </config>
    <config>
      <path>alodesign/base/color</path>
      <value><![CDATA[{"_1460970308665_665":{"title":"Text body","selector":"body, h1, h2, h3, h4, h5, h6, .h1, .h2, .h3, .h4, .h5, .h6","color":"#666666","background":"","border":""},"_1460973866805_805":{"title":"Link body","selector":"body.page-layout-1column a,body.page-layout-2columns-left a,body.page-layout-2columns-right a,.block-collapsible-nav .item a","color":"#666666","background":"","border":""},"_1460970355783_783":{"title":"Link body hover","selector":"body a:hover,body a:focus","color":"#ff3366","background":"","border":""},"_1460973917197_197":{"title":"Background body","selector":"body","color":"","background":"#ffffff","border":""},"_1460973918132_132":{"title":"Label New","selector":".labelnew","color":"#ffffff","background":"#009966","border":""},"_1460973919478_478":{"title":"Label Sale","selector":".labelsale","color":"#ffffff","background":"#ff6600","border":""},"_1460973920300_300":{"title":"Button","selector":"button.button, button, .cart .continue, .actions-toolbar .primary a.action,button:focus","color":"#ffffff","background":"#666666","border":"#eaeaea"},"_1460973921109_109":{"title":"Button hover","selector":"button.button:hover, button:hover, .cart .continue:hover, .actions-toolbar .primary a.action:hover","color":"#ffffff","background":"#ff3366","border":"#ff3366"},"_1460974143044_44":{"title":"Button checkout","selector":".cart-container .checkout-methods-items .action.primary","color":"#ffffff","background":"#ff3366","border":"#ff3366"},"_1460974161636_636":{"title":"Button checkout hover","selector":".cart-container .checkout-methods-items .action.primary:hover","color":"#242628","background":"#ffffff","border":""},"_1495785769823_823":{"title":"Checkout  progress","selector":".opc-progress-bar-item._active:before","color":"","background":"#ff3366","border":""},"_1495785768867_867":{"title":"Checkout  progress","selector":".opc-progress-bar-item._active > span:before","color":"","background":"#ff3366","border":""},"_1495785767941_941":{"title":"Shipping Address","selector":".opc-wrapper .shipping-address-item.selected-item","color":"","background":"","border":"#ff3366"},"_1495785766857_857":{"title":"Shipping Address","selector":".opc-wrapper .shipping-address-item.selected-item:after","color":"","background":"#ff3366","border":""},"_1462359190350_350":{"title":"Slide caption1","selector":".home-slider .slick-slide.slick-active .figcaption .caption1","color":"#3e4041","background":"","border":""},"_1462359194278_278":{"title":"Slide caption2","selector":".home-slider .slick-slide.slick-active .figcaption .caption2","color":"#ffffff","background":"","border":""},"_1462359195592_592":{"title":"Slide caption3","selector":".home-slider .slick-slide.slick-active .figcaption .caption3,.caption3 strong","color":"#ffffff","background":"","border":""},"_1462359677068_68":{"title":"Slide2 caption1","selector":".home-slider .slick-slide.slick-active .figcaption .text-slide2 .caption1","color":"#88898c","background":"","border":""},"_1495708497892_892":{"title":"Magicslider Slick prev and next","selector":".home-slider .slick-arrow","color":"#cccccc","background":"#eaeaea","border":""},"_1495708498865_865":{"title":"Magicslider Slick prev and next hover","selector":".home-slider .slick-arrow:hover","color":"#ffffff","background":"#ff3366","border":"#ff3366"},"_1495708557684_684":{"title":"Magicslider Slick button","selector":".homeslider .home-slider .slick-dots li button","color":"#666666","background":"rgba(0, 0, 0, 0)","border":"#999999"},"_1495708558764_764":{"title":"Magicslider Slick button Hover","selector":".homeslider .home-slider .slick-dots li.slick-active button, .homeslider .home-slider .slick-dots li button:hover","color":"#ffffff","background":"#ff3366","border":"#ff3366"},"_1495708342784_784":{"title":"Popup Newsletter Color","selector":"#popup-newsletter .form-subscribe-header label,#popup-newsletter .block-content h3","color":"#333333","background":"","border":""},"_1495708344313_313":{"title":"Popup Newsletter promotions","selector":"#popup-newsletter .block-content .promotions","color":"#999999","background":"","border":""},"_1495708402187_187":{"title":"Popup Newsletter promotions","selector":"#popup-newsletter .block-content .promotions2","color":"#cc3366","background":"","border":""}}]]></value>
    </config>
    <config>
      <path>alodesign/header/color</path>
      <value><![CDATA[{"_1460974842988_988":{"title":"Link","selector":".page-header a","color":"#666666","background":"","border":""},"_1460974844035_35":{"title":"Link hover","selector":".page-header a:hover","color":"#ff3366","background":"","border":""},"_1461745654953_953":{"title":"Sign In or Register","selector":".header .top-links li a","color":"#666666","background":"","border":""},"_1460974844914_914":{"title":"Language,Currency","selector":".header .header-top .label-title, .text-setting, .text-setting:after, .header .header-top .label-title:after, .icon-search, .header .header-top-link li, .header .currency_top li","color":"#666666","background":"","border":""},"_1460974846347_347":{"title":"Language,Currency(hover)","selector":".header .header-top .label-title:hover, .text-setting:hover, .text-setting:hover:after, .header .header-top .label-title:hover:after, .icon-search:hover, .header .header-top-link li:hover, .header .currency_top li:hover","color":"#666666","background":"","border":""},"_1470106781120_120":{"title":"Dropdown border","selector":".page-header .switcher .options ul.dropdown, .page-footer .switcher .options ul.dropdown,.header .currency_top .dropdown-switcher, .header .top-form-language .dropdown-switcher, .header .header-setting .dropdown-switcher","color":"","background":"","border":"#ff3366"},"_1460974849970_970":{"title":"Background Top Color","selector":".header-top","color":"","background":"#f6f6f6","border":"#efefef"},"_1460974850895_895":{"title":"Background Content Color","selector":".header-content","color":"","background":"#ffffff","border":""},"_1470106712886_886":{"title":"Background Bottom Color","selector":".header-bottom","color":"","background":"#eeeeee","border":""},"_1470105278708_708":{"title":"Form search border","selector":".header .form-search","color":"","background":"","border":"#eaeaea"},"_1470105085919_919":{"title":"Form search button","selector":".header .form-search button.button","color":"#ffffff","background":"#ff3366","border":""},"_1470105084983_983":{"title":"Form search button hover","selector":".header .form-search button.button:hover","color":"#ffffff","background":"#ff3366","border":""},"_1470105404290_290":{"title":"Minicart showcart icon","selector":".minicart-wrapper .showcart:after","color":"","background":"#ff3366","border":""},"_1461746040974_974":{"title":"Minicart qty","selector":".minicart-wrapper .action.showcart .counter.qty","color":"#ffffff","background":"rgba(0, 0, 0, 0)","border":""},"_1461747058784_784":{"title":"Minicart box dropdown","selector":".minicart-wrapper .block-minicart","color":"","background":"#ffffff","border":"#ff3366"},"_1461746040733_733":{"title":"Minicart checkout","selector":".block-minicart .block-content .actions .primary .action.primary.checkout","color":"#ffffff","background":"#ff3366","border":"#ff3366"},"_1461746040514_514":{"title":"Minicart viewcart","selector":".block-minicart .block-content .actions .secondary .viewcart","color":"#666666","background":"","border":"#eaeaea"},"_1461746040213_213":{"title":"Minicart viewcart hover","selector":".block-minicart .block-content .actions .secondary .viewcart:hover","color":"#ffffff","background":"#ff3366","border":"#ff3366"},"_1460974852706_706":{"title":"Background Drop-down-menu","selector":".magicmenu .nav-desktop .level0 .level-top-mega,.magicmenu .nav-desktop .level0.dropdown .hasChild ul, .magicmenu .nav-desktop .level0.dropdown .hasChild ul,.magicmenu .nav-desktop .level0.dropdown .level0","color":"","background":"#ffffff","border":"#f0f0f0"},"_1460974853562_562":{"title":"Item-menu","selector":".magicmenu .nav-desktop .level0 .level-top","color":"#333333","background":"","border":""},"_1460975123617_617":{"title":"Item-menu(hover,active)","selector":".magicmenu .nav-desktop .level0.over a.level-top, .magicmenu .nav-desktop .level0.active a.level-top, .magicmenu .nav-desktop .level0.active a span.icon-text, .magicmenu .nav-desktop .level0 a.level-top:hover, .magicmenu .nav-desktop .level0 a.icon-text:hover","color":"#ffffff","background":"#ff3366","border":""},"_1460975135746_746":{"title":"Drop-down-menu-link-leve2","selector":".magicmenu .nav-desktop .level0 .level-top-mega .children.level1 &gt; a","color":"#333333","background":"","border":""},"_1495710030902_902":{"title":"Drop-down-menu-link-leve2 before","selector":".magicmenu .nav-desktop .level0 .level-top-mega .children.level1 > a:before, .vmagicmenu .level0 .level-top-mega .children > a:before","color":"","background":"","border":"#ff3366"},"_1460975137282_282":{"title":"Drop-down-menu-link-leve3","selector":".magicmenu .nav-desktop .level0 .level-top-mega .children a, .magicmenu .nav-desktop p,.magicmenu .nav-desktop .level0.dropdown ul li a, .vmagicmenu .vmagicmenu-narrow .level0.dropdown ul li a","color":"#666666","background":"","border":""},"_1460975138353_353":{"title":"Drop-down-menu-link-hover","selector":".magicmenu .nav-desktop .level0 .level-top-mega .children a:hover,.magicmenu .nav-desktop .level0.dropdown ul li a:hover, .vmagicmenu .vmagicmenu-narrow .level0.dropdown ul li a:hover","color":"#ff3366","background":"","border":""},"_1464086829976_976":{"title":"Vmenu Title Bg","selector":".vmagicmenu .block-title","color":"","background":"#000000","border":""},"_1464086831116_116":{"title":"Vmenu Title text","selector":".vmagicmenu .block-title span","color":"#ffffff","background":"","border":""},"_1464086831981_981":{"title":"Vmenu content Bg","selector":".vmagicmenu .block-vmagicmenu-content","color":"","background":"#ffffff","border":"#ff3366"},"_1464087166851_851":{"title":"Vmenu content level Bg","selector":".vmagicmenu .level0 .level-top-mega, .vmagicmenu .vmagicmenu-narrow .level0.dropdown .level0,.vmagicmenu .vmagicmenu-narrow .level0.dropdown .hasChild ul","color":"","background":"#ffffff","border":"#eaeaea"},"_1470106076710_710":{"title":"Vmenu level","selector":".vmagicmenu .level0 .level-top, .vmagicmenu .block-vmagicmenu-content .all-cat span","color":"#666666","background":"","border":""},"_1495710118710_710":{"title":"Vmenu level 2","selector":".vmagicmenu .level0 .level-top-mega .children > a","color":"#333333","background":"","border":""},"_1495710066537_537":{"title":"Vmenu level 3","selector":".vmagicmenu .level0 .level-top-mega .children a","color":"#666666","background":"","border":""},"_1495710083530_530":{"title":"Vmenu level hover","selector":".vmagicmenu .level0 .level-top-mega .children a:hover","color":"#ff3366","background":"","border":""},"_1470106079725_725":{"title":"Vmenu level hover","selector":".vmagicmenu .level0:hover, .vmagicmenu .level0.active, .vmagicmenu .block-vmagicmenu-content .all-cat span:hover","color":"#ffffff","background":"#ff3366","border":""},"_1470106078931_931":{"title":"Vmenu level a hover","selector":".vmagicmenu .level0:hover .level-top","color":"#ffffff","background":"","border":""}}]]></value>
    </config>
    <config>
      <path>alodesign/left/color</path>
      <value><![CDATA[{"_1461733216439_439":{"title":"Title filter","selector":".filter-options .filter-options-title","color":"#666666","background":"","border":""}}]]></value>
    </config>
    <config>
      <path>alodesign/right/color</path>
      <value><![CDATA[{"_1461733250879_879":{"title":"Title filter","selector":".filter-options .filter-options-title","color":"#666666","background":"","border":""}}]]></value>
    </config>
    <config>
      <path>alodesign/content/color</path>
      <value><![CDATA[{"_1461730970276_276":{"title":"Icon wishlist,compare","selector":".item .actions-no .add-to-links a, .products-list .item .product-item-inner .add-to-links .action,.products-list .item .product-item-inner .add-to-links .quickview,.product-view .product-shop .product-social-links a .icons, .product-add-form .product-social-links a .icons, .item .actions-no .add-to-links .quickview","color":"#ffffff","background":"#999999","border":"#999999"},"_1461731118212_212":{"title":"Icon(hover) wishlist,compare","selector":".item .actions-no .add-to-links a:hover,.products-list .item .product-item-inner .add-to-links .action:hover,.product-view .product-shop .product-social-links a:hover .icons, .product-add-form .product-social-links a:hover .icons,.item .actions-no .add-to-links .quickview:hover,.products-list .item .product-item-inner .add-to-links .quickview:hover","color":"#ffffff","background":"#ff3366","border":"#ff3366"},"_1470035375286_286":{"title":"Button cart","selector":".item .actions-cart .button.btn-cart","color":"#ffffff","background":"#444444","border":""},"_1470035374470_470":{"title":"Button cart hover","selector":".item .actions-cart .button.btn-cart:hover","color":"#ffffff","background":"#ff3366","border":""},"_1495709367600_600":{"title":"Button cart  product page","selector":".product-view .add-to-cart button.button","color":"#ffffff","background":"#ff3366","border":""},"_1495709381099_99":{"title":"Products Category Title Border","selector":".page-products .page-title-wrapper h1 span,.the-brands .magictabs,.cms-index-index .border-bottom:before,.latest-deals .latest-deal-content,.group-title span","color":"","background":"","border":"#ff3366"},"_1495709396620_620":{"title":"Price","selector":".special-price .price","color":"#ff3366","background":"","border":""},"_1461732155993_993":{"title":"Title product name","selector":".product-item-name .product-item-link","color":"#666666","background":"","border":""},"_1461732172241_241":{"title":"Title product name hover","selector":".product-item-name .product-item-link:hover","color":"#ff3366","background":"","border":""},"_1461732471049_49":{"title":"Toolbar modes mode","selector":".toolbar .modes-mode","color":"#999999","background":"","border":"#e8e8e8"},"_1461732472360_360":{"title":"Toolbar modes mode active,hover","selector":".toolbar .modes-mode.active, .toolbar .modes-mode:hover","color":"#ffffff","background":"#ff3366","border":"#ff3366"},"_1495709435391_391":{"title":"Toolbar pages-items","selector":".pages li.current, .pages li:hover, .pages li a:hover","color":"#ffffff","background":"#ff3366","border":"#ff3366"},"_1470035581454_454":{"title":"Slick prev and next","selector":".slick-prev, .slick-next,.content-products .products .slick-arrow, .shopbrand-box .slick-arrow","color":"#cccccc","background":"#eaeaea","border":""},"_1470035580602_602":{"title":"Slick prev and next hover","selector":".slick-prev:hover, .slick-next:hover,.content-products .products .slick-arrow:hover, .shopbrand-box .slick-arrow:hover","color":"#ffffff","background":"#ff3366","border":""},"_1495708734923_923":{"title":"Slick button","selector":".slick-dots li button,.sidebar .slick-dots li button","color":"#ffffff","background":"#adadad","border":"#adadad"},"_1495708788756_756":{"title":"Slick button hover active","selector":".sidebar .slick-dots li button:hover, .sidebar .slick-dots li.slick-active button,.slick-dots li button:hover,.slick-dots li.slick-active button","color":"#ffffff","background":"#ff3366","border":"#ff3366"},"_1470108418688_688":{"title":"Magic Tab Product","selector":".magictabs .item","color":"","background":"","border":"#cccccc"},"_1470108418083_83":{"title":"Magic Tab Product Item","selector":".magictabs .item .title","color":"#333333","background":"","border":""},"_1470108417425_425":{"title":"Magic Tab Product Active","selector":".magictabs .item.activated, .magictabs .item:hover","color":"","background":"","border":"#ff3366"},"_1470108685858_858":{"title":"Megashop Title Name","selector":".megashop h3","color":"#ffffff","background":"#000000","border":""},"_1470108588779_779":{"title":"Megashop Tab","selector":".megashop .magictabs","color":"","background":"","border":"#ff3366"},"_1470108596607_607":{"title":"Megashop Tab item active hover","selector":".megashop .magictabs .item:hover .title, .megashop .magictabs .item.activated .title","color":"#ffffff","background":"#ff3366","border":""},"_1470108596377_377":{"title":"Megashop Tab Sports","selector":".content_heading_sports .megashop .magictabs","color":"","background":"","border":"#339966"},"_1470108596159_159":{"title":"Megashop Tab Sports item active hover","selector":".content_heading_sports .megashop .magictabs .item:hover .title, .content_heading_sports .megashop .magictabs .item.activated .title","color":"#ffffff","background":"#339966","border":""},"_1470108595568_568":{"title":"Megashop Tab Electronics","selector":".content_heading_electronics .megashop .magictabs","color":"","background":"","border":"#ff6633"},"_1470108972292_292":{"title":"Megashop Tab Electronics item active hover","selector":".content_heading_electronics .megashop .magictabs .item:hover .title, .content_heading_electronics .megashop .magictabs .item.activated .title","color":"#ffffff","background":"#ff6633","border":""},"_1470108971630_630":{"title":"Megashop Tab Digital","selector":".content_heading_digital .megashop .magictabs","color":"","background":"","border":"#3366cc"},"_1470109089912_912":{"title":"Megashop Tab Digital item active hover","selector":".content_heading_digital .megashop .magictabs .item:hover .title, .content_heading_digital .megashop .magictabs .item.activated .title","color":"#ffffff","background":"#3366cc","border":""},"_1470109089242_242":{"title":"Megashop Tab Furniture","selector":".content_heading_furniture .megashop .magictabs","color":"","background":"","border":"#669900"},"_1470109197138_138":{"title":"Megashop Tab Furniture item active hover","selector":".content_heading_furniture .megashop .magictabs .item:hover .title, .content_heading_furniture .megashop .magictabs .item.activated .title","color":"#ffffff","background":"#669900","border":""},"_1470109290452_452":{"title":"Megashop Tab Jewelry item active hover","selector":".content_heading_jewelry .megashop .magictabs","color":"","background":"","border":"#6c6856"},"_1470109291418_418":{"title":"Megashop Tab Jewelry item active hover","selector":".content_heading_jewelry .megashop .magictabs .item:hover .title, .content_heading_jewelry .megashop .magictabs .item.activated .title","color":"#ffffff","background":"#6c6856","border":""}}]]></value>
    </config>
    <config>
      <path>alodesign/footer/color</path>
      <value><![CDATA[{"_1460975745240_240":{"title":"Link","selector":".footer .block-content-statick li a","color":"#444444","background":"","border":""},"_1460975746527_527":{"title":"Link-hover","selector":".footer .block-content-statick li a:hover","color":"#ff3366","background":"","border":""},"_1460975747568_568":{"title":"Background Top","selector":".page-footer .block-footer-top","color":"","background":"#eaeaea","border":""},"_1460975750427_427":{"title":"Background Bottom","selector":".page-footer .block-footer-bottom","color":"","background":"#eaeaea","border":""},"_1460975754351_351":{"title":"Background Copyright","selector":".page-footer .main-wrap-copyright","color":"","background":"#eaeaea","border":""},"_1460975759167_167":{"title":"Text","selector":".footer .collapsible p","color":"#444444","background":"","border":""},"_1460975764064_64":{"title":"Subscribe Text","selector":".footer .collapsible .form-subscribe-header p","color":"#333333","background":"","border":""},"_1460975765095_95":{"title":"Subscribe input","selector":".block-subscribe input.input-text","color":"#333333","background":"#ffffff","border":"#dddddd"},"_1460975766584_584":{"title":"Subscribe Button","selector":".block-subscribe .actions button.button","color":"#ffffff","background":"#ff3366","border":"#ff3366"},"_1460975767584_584":{"title":"Subscribe Button Hover","selector":".block-subscribe .actions button.button:hover","color":"#ffffff","background":"#ff3366","border":"#ff3366"},"_1461743869638_638":{"title":"company  link footer","selector":".footer-menu-list li a","color":"#0066cc","background":"","border":""},"_1461743868518_518":{"title":"company  link footer hover","selector":".footer-menu-list li a:hover","color":"#ff3366","background":"","border":""},"_1460976338029_29":{"title":"Copyright Text","selector":".footer-copyright .copyright span","color":"#333333","background":"","border":""},"_1461745578874_874":{"title":"Backtotop","selector":"#backtotop","color":"#ffffff","background":"#ff3366","border":""},"_1461745619738_738":{"title":"Backtotop hover","selector":"#backtotop:hover","color":"#ffffff","background":"#444444","border":""}}]]></value>
    </config>
    <config>
      <path>magicmenu/general/dropdown</path>
      <value><![CDATA[7,62,93,94]]></value>
    </config>
    <config>
      <path>magicmenu/topmenu/switcher</path>
      <value><![CDATA[991]]></value>
    </config>
    <config>
      <path>magicmenu/topmenu/notIncludeNav</path>
      <value><![CDATA[62,73,81,82,83,84,85,86,87,88,89,91,92,93,94]]></value>
    </config>
    <config>
      <path>magicmenu/vmenu/enabled</path>
      <value><![CDATA[1]]></value>
    </config>
    <config>
      <path>magicmenu/vmenu/notIncludeNav</path>
      <value><![CDATA[3,6,7,8,9,93,94]]></value>
    </config>
    <config>
      <path>magicmenu/vmenu/demo</path>
      <value><![CDATA[0]]></value>
    </config>
    <config>
      <path>magicmenu/amenu/enabled</path>
      <value><![CDATA[1]]></value>
    </config>
    <config>
      <path>shopbrand/general/title</path>
      <value><![CDATA[Brand Showcase]]></value>
    </config>
    <config>
      <path>shopbrand/general/link</path>
      <value><![CDATA[1]]></value>
    </config>
    <config>
      <path>shopbrand/general/padding</path>
      <value><![CDATA[0]]></value>
    </config>
    <config>
      <path>shopbrand/general/arrows</path>
      <value><![CDATA[true]]></value>
    </config>
    <config>
      <path>shopbrand/general/margin</path>
      <value><![CDATA[30]]></value>
    </config>
    <config>
      <path>shopbrand/product/slide</path>
      <value><![CDATA[1]]></value>
    </config>
    <config>
      <path>shopbrand/product/autoplay</path>
      <value><![CDATA[false]]></value>
    </config>
    <config>
      <path>shopbrand/product/rows</path>
      <value><![CDATA[2]]></value>
    </config>
    <config>
      <path>shopbrand/product/portrait</path>
      <value><![CDATA[1]]></value>
    </config>
    <config>
      <path>shopbrand/product/landscape</path>
      <value><![CDATA[2]]></value>
    </config>
    <config>
      <path>shopbrand/product/visible</path>
      <value><![CDATA[4]]></value>
    </config>
    <config>
      <path>shopbrand/product/margin</path>
      <value><![CDATA[15]]></value>
    </config>
    <config>
      <path>shopbrand/product/arrows</path>
      <value><![CDATA[true]]></value>
    </config>
    <config>
      <path>testimonial/general/dots</path>
      <value><![CDATA[true]]></value>
    </config>
    <config>
      <path>testimonial/general/padding</path>
      <value><![CDATA[0]]></value>
    </config>
    <config>
      <path>testimonial/general/portrait</path>
      <value><![CDATA[1]]></value>
    </config>
    <config>
      <path>testimonial/general/landscape</path>
      <value><![CDATA[1]]></value>
    </config>
    <config>
      <path>testimonial/general/tablet</path>
      <value><![CDATA[1]]></value>
    </config>
    <config>
      <path>testimonial/general/notebook</path>
      <value><![CDATA[1]]></value>
    </config>
    <config>
      <path>testimonial/general/desktop</path>
      <value><![CDATA[1]]></value>
    </config>
    <config>
      <path>testimonial/general/visible</path>
      <value><![CDATA[1]]></value>
    </config>
    <config>
      <path>testimonial/general/arrows</path>
      <value><![CDATA[false]]></value>
    </config>
    <config>
      <path>testimonial/general/margin</path>
      <value><![CDATA[30]]></value>
    </config>
    <config>
      <path>web/default/front</path>
      <value>cms</value>
    </config>
    <config>
      <path>web/default/cms_home_page</path>
      <value>demo1</value>
    </config>
    <config>
      <path>web/default/cms_no_route</path>
      <value>404-not-found</value>
    </config>
  </system>
  <theme>Alothemes/default</theme>
</root>
