<?xml version="1.0" encoding="UTF-8"?>
<root>
  <block>
    <item>
      <title><![CDATA[product-view-left-custom-block]]></title>
      <identifier><![CDATA[product-view-left-custom-block]]></identifier>
      <content><![CDATA[<div class="block product-view-left-custom-block">
	<div class="banner-opacity">
		<img class="img-responsive hot-cate-img" alt="icon money" src="{{media url="wysiwyg/alothemes/static/icon-money.png"}}" />
		<h2>100% Money Back</h2>
		<h2>Guaranteed</h2>
		<p>Lorem ipsum dolor sit amet conse ctetur adipisicing elit, sed do eiusmod tempor incididunt .</p>
		<a href="#">Read more <i class="fa fa-angle-double-right"><span class="hidden">more</span></i></a>
	</div>
</div>]]></content>
      <is_active><![CDATA[1]]></is_active>
    </item>
    <item>
      <title><![CDATA[Band logo,Blog Demo7]]></title>
      <identifier><![CDATA[block-sectionsbottom]]></identifier>
      <content><![CDATA[<!-- block_view_blog_home -->
<div class="alo-blog magiccart-blog clearfix"><div class="container">{{widget type="Magiccart\Alothemes\Block\Widget\Blog" title="Latest Posts Blog" limit="8" slide="1" vertical="false" infinite="true" autoplay="true" arrows="true" dots="false" speed="300" autoplay-Speed="3000" padding="15" template="blog.phtml" rows="1" mobile="1" portrait="1" landscape="2" tablet="3" notebook="3" desktop="4" visible="4"}}</div></div>
<div class="the-brands"><div class="container">{{widget type="Magiccart\Shopbrand\Block\Widget\Brand" template="brand.phtml"}}</div></div>]]></content>
      <is_active><![CDATA[1]]></is_active>
    </item>
    <item>
      <title><![CDATA[block-footer-top]]></title>
      <identifier><![CDATA[block-footer-top]]></identifier>
      <content><![CDATA[<div class="container">
	<div class="row">
		<div class="col-sm-3">
			<div class="footer-logo"><a href="#"><img alt="logo" class="img-responsive" src="{{media url="wysiwyg/alothemes/static/demo7/logo7.png"}}" /></a></div>
		</div>
		<div class="col-sm-12 col-md-6">
			<div class="footer-menu">
				<ul>
					<li><a href="#">About Us</a></li>
					<li><a href="#">Affiliates</a></li>
					<li><a href="#">Careers</a></li>
					<li><a href="#">Privacy Policy</a></li>
					<li><a href="#">Terms of Use</a></li>
					<li><a href="#">Contact Us</a></li>
				</ul>
			</div>
		</div>
		<div class="col-sm-12 col-md-3">
			<div class="block-newletter">{{block class="Magento\Newsletter\Block\Subscribe" template="subscribe.phtml"}}</div>
		</div>
	</div>
</div>]]></content>
      <is_active><![CDATA[1]]></is_active>
    </item>
    <item>
      <title><![CDATA[block-footer-bottom]]></title>
      <identifier><![CDATA[block-footer-bottom]]></identifier>
      <content><![CDATA[<div class="container">
	<div class="row">
		<div class="col-lg-3 col-md-3 col-sm-6 col-mobile-12 col-xs-6 item-sm item-xs">
			<div class="collapsible mobile-collapsible">
				<h3 class="block-title heading">Infomation</h3>
				<span class="toggle-tab mobile" style="display: none;"><span class="hidden">facebook</span></span>
				<div class="block1 block-content-statick toggle-content">
					<ul class="address-list">
						<li class="feature-icon location first">
						<p class="no-margin"><span class="address">Address:</span><span class="tit-contain">2046 Blue Spruce Lane Laurel, tetxac, Orton Tolanto, Canada</span></p>
						</li>
						<li class="feature-icon phone">
						<p><span>Phone:</span><span class="tit-contain">0200 410-369-3920</span></p>
						</li>
						<li class="feature-icon mobile last"><span>Hotline:</span><span class="tit-contain">090 999 8686</span></li>
						<li class="feature-icon email">
						<p><span>Email:</span><a class="tit-contain" href="#">support@alothemes.com</a></p>
						</li>
					</ul>
				</div>
			</div>
		</div>
		<div class="col-lg-2 col-md-2 col-sm-6 col-mobile-12 col-xs-6 item-sm item-xs">
			<div class="collapsible mobile-collapsible">
				<h3 class="block-title heading">Company</h3>
				<span class="toggle-tab mobile" style="display: none;"><span class="hidden">facebook</span></span>
				<div class="block-content block-content-statick toggle-content">
					<ul class="bullet">
						<li><a href="#">About Us</a></li>
						<li><a href="#">Testimonials</a></li>
						<li><a href="#">Affiliate Program</a></li>
						<li><a href="#">Terms &amp; Conditions</a></li>
						<li><a href="#">Contact Us</a></li>
					</ul>
				</div>
			</div>
		</div>
		<div class="col-lg-2 col-md-2 col-sm-6 col-mobile-12 col-xs-6 item-sm item-xs">
			<div class="collapsible mobile-collapsible">
				<h3 class="block-title heading">My Account</h3>
				<span class="toggle-tab mobile" style="display: none;"><span class="hidden">facebook</span></span>
				<div class="block-content block-content-statick toggle-content">
					<ul class="bullet">
						<li><a href="#">My Orders</a></li>
						<li><a href="#">My Credit Slips</a></li>
						<li><a href="#">My Addresses</a></li>
						<li><a href="#">My Personal Info</a></li>
						<li><a href="#">Specials</a></li>
					</ul>
				</div>
			</div>
		</div>
		<div class="col-lg-2 col-md-2 col-sm-6 col-mobile-12 col-xs-6 item-sm item-xs">
			<div class="collapsible mobile-collapsible">
				<h3 class="block-title heading">Support</h3>
				<span class="toggle-tab mobile" style="display: none;"><span class="hidden">facebook</span></span>
				<div class="block-content block-content-statick toggle-content">
					<ul class="bullet">
						<li><a href="#">Payments</a></li>
						<li><a href="#">Saved Cards</a></li>
						<li><a href="#">Shipping Free</a></li>
						<li><a href="#">Cancellation</a></li>
						<li><a href="#">Support Online</a></li>
					</ul>
				</div>
			</div>
		</div>
		<div class="col-lg-3 col-md-3 col-sm-6 col-xs-12 item-sm item-xs">
			<div class="collapsible mobile-collapsible">
				<h3 class="block-title heading introduce-title">Let's Socialize</h3>
				<span class="toggle-tab mobile" style="display: none;"><span class="hidden">facebook</span></span>
				<ul class="list-inline toggle-content">
					<li><a class="social-link facebook" href="#"><em class="fa fa-facebook"><span class="hidden">facebook</span></em></a></li>
					<li><a class="social-link pinterest-p" href="#"><em class="fa fa-pinterest-p"><span class="hidden">pinterest</span></em></a></li>
					<li><a class="social-link vk" href="#"><em class="fa fa-vk"><span class="hidden">fa-vk</span></em></a></li>
					<li><a class="social-link twitter" href="#"><em class="fa fa-twitter"><span class="hidden">twitter</span></em></a></li>
					<li><a class="social-link google-plus" href="#"><em class="fa fa-google-plus"><span class="hidden">google-plus</span></em></a></li>
				</ul>
			</div>
			<div class="collapsible mobile-collapsible">
				<h3 class="block-title heading introduce-title">payment</h3>
				<span class="toggle-tab mobile" style="display: none;"><span class="hidden">facebook</span></span>
				<div class="widget-body toggle-content"><img alt="logo" class="img-responsive" src="{{media url="wysiwyg/alothemes/static/demo7/payment.png"}}" /></div>
			</div>
		</div>
	</div>
</div>]]></content>
      <is_active><![CDATA[1]]></is_active>
    </item>
    <item>
      <title><![CDATA[Block Megashop Demo7]]></title>
      <identifier><![CDATA[block-sectionscontent]]></identifier>
      <content><![CDATA[<div class="container">
	<div class="category-featured content_heading_fashion">{{widget type="Magiccart\Magicproduct\Block\Widget\Catalog" template="catalog.phtml" identifier="mega-shop-fashion-home7"}}</div>
	<div class="category-featured content_heading_sports magashop-fr">{{widget type="Magiccart\Magicproduct\Block\Widget\Catalog" template="catalog.phtml" identifier="mega-shop-sport-home7"}}</div>
	<div class="category-featured content_heading_electronics">{{widget type="Magiccart\Magicproduct\Block\Widget\Catalog" template="catalog.phtml" identifier="mega-shop-electronics-home7"}}</div>
	<div class="category-featured content_heading_digital magashop-fr">{{widget type="Magiccart\Magicproduct\Block\Widget\Catalog" template="catalog.phtml" identifier="mega-shop-digital-home7"}}</div>
	<div class="category-featured content_heading_furniture">{{widget type="Magiccart\Magicproduct\Block\Widget\Catalog" template="catalog.phtml" identifier="mega-shop-furniture-home7"}}</div>
	<div class="category-featured content_heading_jewelry magashop-fr">{{widget type="Magiccart\Magicproduct\Block\Widget\Catalog" template="catalog.phtml" identifier="mega-shop-jewelry-home7"}}</div>
</div>]]></content>
      <is_active><![CDATA[1]]></is_active>
    </item>
    <item>
      <title><![CDATA[call-us]]></title>
      <identifier><![CDATA[call-us]]></identifier>
      <content><![CDATA[<p><a class="call-us" href="#">Call Us: +09 957774334</a></p>
<div class="top-bar-social"><a href="#"><em class="fa fa-facebook"><span class="hidden">hidden</span></em></a> <a href="#"><em class="fa fa-twitter"><span class="hidden">hidden</span></em></a> <a href="#"><em class="fa fa-pinterest"><span class="hidden">hidden</span></em></a> <a href="#"><em class="fa fa-google-plus"><span class="hidden">hidden</span></em></a></div>]]></content>
      <is_active><![CDATA[1]]></is_active>
    </item>
    <item>
      <title><![CDATA[service-header]]></title>
      <identifier><![CDATA[service-header]]></identifier>
      <content><![CDATA[<div class="service-header">
<div class="container">
<div class="row">
<div class="col-sm-6 col-md-3">
<div class="item"><a href="#"> <img alt="Service" src="{{media url="wysiwyg/alothemes/static/demo7/s1.png"}}" /> <span>Worldwide Delivery</span> </a></div>
</div>
<div class="col-sm-6 col-md-3">
<div class="item"><a href="#"> <img alt="Service" src="{{media url="wysiwyg/alothemes/static/demo7/s2.png"}}" /> <span>24/7 Help Center</span> </a></div>
</div>
<div class="col-sm-6 col-md-3">
<div class="item"><a href="#"> <img alt="Service" src="{{media url="wysiwyg/alothemes/static/demo7/s3.png"}}" /> <span>shop with confidence</span> </a></div>
</div>
<div class="col-sm-6 col-md-3">
<div class="item"><a href="#"> <img alt="Service" src="{{media url="wysiwyg/alothemes/static/demo7/s4.png"}}" /> <span>Safe Payment</span> </a></div>
</div>
</div>
</div>
</div>]]></content>
      <is_active><![CDATA[1]]></is_active>
    </item>
    <item>
      <title><![CDATA[Support]]></title>
      <identifier><![CDATA[support]]></identifier>
      <content><![CDATA[<div class="support-link"><a href="#">Services</a> <a href="#">Support</a></div>]]></content>
      <is_active><![CDATA[1]]></is_active>
    </item>
    <item>
      <title><![CDATA[banner sidebar category view]]></title>
      <identifier><![CDATA[banner-sidebar-category-view]]></identifier>
      <content><![CDATA[<div class="home-slider banner-sidebar-category ">
	<div class="item-banner"><img src="{{media url=&quot;wysiwyg/alothemes/static/slide-left.jpg&quot;}}" alt="" /></div>
	<div class="item-banner"><img src="{{media url=&quot;wysiwyg/alothemes/static/slide-left2.jpg&quot;}}" alt="" /></div>
	<div class="item-banner"><img src="{{media url=&quot;wysiwyg/alothemes/static/slide-left3.png&quot;}}" alt="" /></div>
</div>]]></content>
      <is_active><![CDATA[0]]></is_active>
    </item>
    <item>
      <title><![CDATA[Testimonial Sidebar Category View]]></title>
      <identifier><![CDATA[testimonial-sidebar-category-view]]></identifier>
      <content><![CDATA[{{widget type="Magiccart\Testimonial\Block\Widget\Testimonial" template="testimonial.phtml"}}]]></content>
      <is_active><![CDATA[0]]></is_active>
    </item>
    <item>
      <title><![CDATA[Category View Left Custom Block]]></title>
      <identifier><![CDATA[category-view-left-custom-block]]></identifier>
      <content><![CDATA[<!-- Slide left category -->
<div class="home-slider autoplay" data-slides-to-show="1" data-slides-to-scroll="1" data-fade="true" data-dots="true" data-arrows="false" data-easing="linear" data-autoplay="true" >
	<div class="item"> 
		<a href="#"> <img class="img-responsive" src="{{media url="wysiwyg/alothemes/static/slide-left.jpg"}}" alt="magicslider" /></a>
	</div>
	<div class="item"> 
		<a href="#"><img class="img-responsive" src="{{media url="wysiwyg/alothemes/static/slide-left2.jpg"}}" alt="magicslider" /></a>
	</div>
	<div class="item"> 
		<a href="#"><img class="img-responsive" src="{{media url="wysiwyg/alothemes/static/slide-left3.png"}}" alt="magicslider" /></a>
	</div>
</div>
<!-- Product custom -->
<div class="block block-custom-product">
        {{widget type="Magiccart\Magicproduct\Block\Widget\Product" identifier="custom-product-left" template="productcustom.phtml"}}
</div>
<!-- Testimonials -->
<div class="block block-testimonial">
        <div class="testimonials">
         {{widget type="Magiccart\Testimonial\Block\Widget\Testimonial" template="testimonial.phtml"}}
         </div>
</div>]]></content>
      <is_active><![CDATA[1]]></is_active>
    </item>
    <item>
      <title><![CDATA[Slide Category]]></title>
      <identifier><![CDATA[slide-category]]></identifier>
      <content><![CDATA[<div class="home-slider autoplay" data-slides-to-show="1" data-slides-to-scroll="1" data-fade="true" data-dots="false" data-arrows="true" data-easing="linear" data-autoplay="false" >
	<div class="item"> 
		<a href="#"> <img class="img-responsive" src="{{media url="wysiwyg/alothemes/static/category-slide.jpg"}}" alt="magicslider" /></a>
	</div>
	<div class="item"> 
		<a href="#"><img class="img-responsive" src="{{media url="wysiwyg/alothemes/static/category-slide2.jpg"}}" alt="magicslider" /></a>
	</div>
</div>]]></content>
      <is_active><![CDATA[1]]></is_active>
    </item>
    <item>
      <title><![CDATA[newsletter_popup]]></title>
      <identifier><![CDATA[newsletter_popup]]></identifier>
      <content><![CDATA[<div class="block-content">
	<div class="form-subscribe-header block-title">
        <label for="newsletter-popup">signup for our newsletter & promotions</label>
    </div>
	<h2 class="promotions promotions1">Get</h2>
    <h2 class="promotions promotions2">50%<span class="off">Off</span></h2>
    <h3>on your next purchase</h3>
	<div class="subcribe-box newsletter-new clearfix">
		<div class="field newsletter input-box">
			<div class="control">
				<input name="email" type="email" id="newsletter-popup" class="input-text"
							placeholder="Enter your email address"
							data-validate="{required:true, 'validate-email':true}"/>
			</div>
		</div>
		<div class="actions">
			<button class="action subscribe button" title="Subscribe" type="submit">
				<span>Subscribe</span>
			</button>
		</div>
	</div>
    <div class="subscribe-bottom">
        <input type="checkbox" />Don’t show this popup again
    </div>
</div>]]></content>
      <is_active><![CDATA[1]]></is_active>
    </item>
    <item>
      <title><![CDATA[Banner Top Menu (Sports)]]></title>
      <identifier><![CDATA[banner-top-menu]]></identifier>
      <content><![CDATA[<div class="banner-top-menu"><img class="img-responsive" alt="" src="{{media url="wysiwyg/alothemes/static/banner-topmenu.jpg"}}" /></div>]]></content>
      <is_active><![CDATA[1]]></is_active>
    </item>
    <item>
      <title><![CDATA[Menu Vertical Custom html]]></title>
      <identifier><![CDATA[vertical-custom-html]]></identifier>
      <content><![CDATA[<div class="mega-custom-html"><a href="#"><img alt="" src="{{media url="wysiwyg/alothemes/static/banner-megamenu.jpg"}}" /></a></div>]]></content>
      <is_active><![CDATA[1]]></is_active>
    </item>
  </block>
</root>
